id,question,answer,category,keywords,source_type
1,부모님이 부모님이 자주 잊어버리시는데 어떻게 대처해야 하나요 주의할 점도 있나요?,"바로 단정하기보다 증상이 언제부터 얼마나 자주 나타나는지 기록하고, 일상생활의 변화가 있는지 함께 살펴보는 것이 좋습니다. 개인 상태에 따라 차이가 있을 수 있으므로 생활습관과 증상의 변화를 함께 살펴보는 것이 중요합니다.",가족대처,"부모님,기억력,대처",manual
2,치매가 의심되면 어떻게 해야 하나요 관련해서 자세히 알려주세요?,기억력 저하나 일상생활의 어려움이 지속되면 전문 의료기관 상담을 받아보는 것이 좋습니다. 증상이 지속되거나 일상생활에 불편이 생기면 전문가 상담을 받아보는 것이 좋습니다.,상담,"치매의심,상담,의료기관",manual
3,기억력이 조금 나빠진 것 같으면 바로 치매인가요 실생활에서는 어떻게 대처하면 좋나요?,"기억력 저하가 있다고 해서 모두 치매는 아니며 스트레스, 수면 부족, 우울감 같은 다양한 원인도 영향을 줄 수 있습니다. 개인 상태에 따라 차이가 있을 수 있으므로 생활습관과 증상의 변화를 함께 살펴보는 것이 중요합니다.",기억력,"기억력저하,스트레스,수면",manual
4,인지활동에는 어떤 것이 있나요 관련해서 자세히 알려주세요?,"독서, 퍼즐, 단어 연상, 숫자 기억하기, 새로운 취미 배우기 같은 활동이 인지 자극에 도움이 됩니다. 증상이 지속되거나 일상생활에 불편이 생기면 전문가 상담을 받아보는 것이 좋습니다.",인지활동,"독서,퍼즐,인지활동",manual
5,병원 상담은 언제 받아야 하나요 비슷한 경우에는 어떻게 해야 하나요?,"기억력 저하가 반복되거나 시간·장소 혼동, 일상생활의 어려움이 함께 나타나면 상담을 고려하는 것이 좋습니다. 불안이 크다면 혼자 판단하기보다 전문적인 도움을 받는 편이 더 안전합니다.",상담,"병원,상담,시점",manual
6,인지활동에는 어떤 것이 있나요?,"독서, 퍼즐, 단어 연상, 숫자 기억하기, 새로운 취미 배우기 같은 활동이 인지 자극에 도움이 됩니다. 무리한 자가 판단보다는 꾸준한 관찰과 기본 생활관리부터 시작하는 것이 좋습니다.",인지활동,"독서,퍼즐,인지활동",manual
7,부모님이 치매가 의심되면 어떻게 해야 하나요 주의할 점도 있나요?,기억력 저하나 일상생활의 어려움이 지속되면 전문 의료기관 상담을 받아보는 것이 좋습니다. 불안이 크다면 혼자 판단하기보다 전문적인 도움을 받는 편이 더 안전합니다.,상담,"치매의심,상담,의료기관",manual
8,요즘 인지활동에는 어떤 것이 있나요  궁금해요?,"독서, 퍼즐, 단어 연상, 숫자 기억하기, 새로운 취미 배우기 같은 활동이 인지 자극에 도움이 됩니다. 무리한 자가 판단보다는 꾸준한 관찰과 기본 생활관리부터 시작하는 것이 좋습니다.",인지활동,"독서,퍼즐,인지활동",manual
9,치매 초기 증상은 무엇인가요 어떻게 봐야 하나요?,치매 초기에는 최근 일을 잊거나 같은 질문을 반복하고 시간이나 장소를 혼동하는 증상이 나타날 수 있습니다. 증상이 지속되거나 일상생활에 불편이 생기면 전문가 상담을 받아보는 것이 좋습니다.,초기증상,"치매,초기증상,기억력",manual
10,혹시 치매 예방에 좋은 음식이 있나요?,"특정 음식 하나보다 채소, 생선, 견과류, 단백질, 수분을 포함한 균형 잡힌 식사가 더 중요합니다. 무리한 자가 판단보다는 꾸준한 관찰과 기본 생활관리부터 시작하는 것이 좋습니다.",식습관,"치매예방,음식,식습관",manual
11,부모님이 치매 예방에 좋은 음식이 있나요  어떻게 봐야 하나요?,"특정 음식 하나보다 채소, 생선, 견과류, 단백질, 수분을 포함한 균형 잡힌 식사가 더 중요합니다. 무리한 자가 판단보다는 꾸준한 관찰과 기본 생활관리부터 시작하는 것이 좋습니다.",식습관,"치매예방,음식,식습관",manual
12,병원 상담은 언제 받아야 하나요?,"기억력 저하가 반복되거나 시간·장소 혼동, 일상생활의 어려움이 함께 나타나면 상담을 고려하는 것이 좋습니다. 무리한 자가 판단보다는 꾸준한 관찰과 기본 생활관리부터 시작하는 것이 좋습니다.",상담,"병원,상담,시점",manual
13,부모님이 자주 잊어버리시는데 어떻게 대처해야 하나요 실생활에서는 어떻게 대처하면 좋나요?,"바로 단정하기보다 증상이 언제부터 얼마나 자주 나타나는지 기록하고, 일상생활의 변화가 있는지 함께 살펴보는 것이 좋습니다. 개인 상태에 따라 차이가 있을 수 있으므로 생활습관과 증상의 변화를 함께 살펴보는 것이 중요합니다.",가족대처,"부모님,기억력,대처",manual
14,식습관도 인지 건강과 관련이 있나요 비슷한 경우에는 어떻게 해야 하나요?,균형 잡힌 식사와 규칙적인 식습관은 전반적인 건강 유지에 중요하며 인지 건강 관리에도 도움이 될 수 있습니다. 개인 상태에 따라 차이가 있을 수 있으므로 생활습관과 증상의 변화를 함께 살펴보는 것이 중요합니다.,식습관,"식습관,영양,인지건강",manual
15,사회활동이 왜 중요한가요 관련해서 자세히 알려주세요?,사회적 교류는 정서적 안정과 인지 자극에 도움이 될 수 있어 꾸준한 소통이 중요합니다. 증상이 지속되거나 일상생활에 불편이 생기면 전문가 상담을 받아보는 것이 좋습니다.,사회활동,"사회활동,교류,정서",manual
16,치매 관련해서 운동은 어떤 종류가 좋은가요 궁금해요?,"걷기, 가벼운 스트레칭, 무리가 적은 유산소 운동부터 시작하는 것이 좋습니다. 증상이 지속되거나 일상생활에 불편이 생기면 전문가 상담을 받아보는 것이 좋습니다.",운동,"운동종류,산책,스트레칭",manual
17,치매를 예방하려면 어떻게 해야 하나요  알려주세요?,"규칙적인 운동, 충분한 수면, 균형 잡힌 식사, 사회활동, 인지활동이 인지 건강 관리에 도움이 될 수 있습니다. 개인 상태에 따라 차이가 있을 수 있으므로 생활습관과 증상의 변화를 함께 살펴보는 것이 중요합니다.",예방,"치매예방,운동,수면,식사",manual
18,사회활동이 왜 중요한가요 비슷한 경우에는 어떻게 해야 하나요?,사회적 교류는 정서적 안정과 인지 자극에 도움이 될 수 있어 꾸준한 소통이 중요합니다. 불안이 크다면 혼자 판단하기보다 전문적인 도움을 받는 편이 더 안전합니다.,사회활동,"사회활동,교류,정서",manual
19,식습관도 인지 건강과 관련이 있나요  알려주세요?,균형 잡힌 식사와 규칙적인 식습관은 전반적인 건강 유지에 중요하며 인지 건강 관리에도 도움이 될 수 있습니다. 개인 상태에 따라 차이가 있을 수 있으므로 생활습관과 증상의 변화를 함께 살펴보는 것이 중요합니다.,식습관,"식습관,영양,인지건강",manual
20,인지활동에는 어떤 것이 있나요 비슷한 경우에는 어떻게 해야 하나요?,"독서, 퍼즐, 단어 연상, 숫자 기억하기, 새로운 취미 배우기 같은 활동이 인지 자극에 도움이 됩니다. 무리한 자가 판단보다는 꾸준한 관찰과 기본 생활관리부터 시작하는 것이 좋습니다.",인지활동,"독서,퍼즐,인지활동",manual
21,운동은 어떤 종류가 좋은가요?,"걷기, 가벼운 스트레칭, 무리가 적은 유산소 운동부터 시작하는 것이 좋습니다. 증상이 지속되거나 일상생활에 불편이 생기면 전문가 상담을 받아보는 것이 좋습니다.",운동,"운동종류,산책,스트레칭",manual
22,치매 관련해서 사회활동이 왜 중요한가요 주의할 점도 있나요?,사회적 교류는 정서적 안정과 인지 자극에 도움이 될 수 있어 꾸준한 소통이 중요합니다. 개인 상태에 따라 차이가 있을 수 있으므로 생활습관과 증상의 변화를 함께 살펴보는 것이 중요합니다.,사회활동,"사회활동,교류,정서",manual
23,인지활동에는 어떤 것이 있나요 비슷한 경우에는 어떻게 해야 하나요?,"독서, 퍼즐, 단어 연상, 숫자 기억하기, 새로운 취미 배우기 같은 활동이 인지 자극에 도움이 됩니다. 무리한 자가 판단보다는 꾸준한 관찰과 기본 생활관리부터 시작하는 것이 좋습니다.",인지활동,"독서,퍼즐,인지활동",manual
24,치매를 예방하려면 어떻게 해야 하나요 비슷한 경우에는 어떻게 해야 하나요?,"규칙적인 운동, 충분한 수면, 균형 잡힌 식사, 사회활동, 인지활동이 인지 건강 관리에 도움이 될 수 있습니다. 개인 상태에 따라 차이가 있을 수 있으므로 생활습관과 증상의 변화를 함께 살펴보는 것이 중요합니다.",예방,"치매예방,운동,수면,식사",manual
25,병원 상담은 언제 받아야 하나요 어떻게 봐야 하나요?,"기억력 저하가 반복되거나 시간·장소 혼동, 일상생활의 어려움이 함께 나타나면 상담을 고려하는 것이 좋습니다. 개인 상태에 따라 차이가 있을 수 있으므로 생활습관과 증상의 변화를 함께 살펴보는 것이 중요합니다.",상담,"병원,상담,시점",manual
26,기억력이 조금 나빠진 것 같으면 바로 치매인가요 실생활에서는 어떻게 대처하면 좋나요?,"기억력 저하가 있다고 해서 모두 치매는 아니며 스트레스, 수면 부족, 우울감 같은 다양한 원인도 영향을 줄 수 있습니다. 무리한 자가 판단보다는 꾸준한 관찰과 기본 생활관리부터 시작하는 것이 좋습니다.",기억력,"기억력저하,스트레스,수면",manual
27,부모님이 자주 잊어버리시는데 어떻게 대처해야 하나요 관련해서 자세히 알려주세요?,"바로 단정하기보다 증상이 언제부터 얼마나 자주 나타나는지 기록하고, 일상생활의 변화가 있는지 함께 살펴보는 것이 좋습니다. 증상이 지속되거나 일상생활에 불편이 생기면 전문가 상담을 받아보는 것이 좋습니다.",가족대처,"부모님,기억력,대처",manual
28,혹시 우울감과 기억력 저하는 관련이 있나요?,우울감과 스트레스는 기억력과 집중력에 영향을 줄 수 있어 정서 상태를 함께 살펴보는 것이 중요합니다. 개인 상태에 따라 차이가 있을 수 있으므로 생활습관과 증상의 변화를 함께 살펴보는 것이 중요합니다.,정서,"우울감,기억력,스트레스",manual
29,요즘 기억력이 조금 나빠진 것 같으면 바로 치매인가요 어떻게 봐야 하나요?,"기억력 저하가 있다고 해서 모두 치매는 아니며 스트레스, 수면 부족, 우울감 같은 다양한 원인도 영향을 줄 수 있습니다. 불안이 크다면 혼자 판단하기보다 전문적인 도움을 받는 편이 더 안전합니다.",기억력,"기억력저하,스트레스,수면",manual
30,인지활동에는 어떤 것이 있나요 관련해서 자세히 알려주세요?,"독서, 퍼즐, 단어 연상, 숫자 기억하기, 새로운 취미 배우기 같은 활동이 인지 자극에 도움이 됩니다. 개인 상태에 따라 차이가 있을 수 있으므로 생활습관과 증상의 변화를 함께 살펴보는 것이 중요합니다.",인지활동,"독서,퍼즐,인지활동",manual
31,치매를 예방하려면 어떻게 해야 하나요 실생활에서는 어떻게 대처하면 좋나요?,"규칙적인 운동, 충분한 수면, 균형 잡힌 식사, 사회활동, 인지활동이 인지 건강 관리에 도움이 될 수 있습니다. 무리한 자가 판단보다는 꾸준한 관찰과 기본 생활관리부터 시작하는 것이 좋습니다.",예방,"치매예방,운동,수면,식사",manual
32,운동이 인지 건강에 도움이 되나요  주의할 점도 있나요?,걷기와 같은 가벼운 유산소 운동은 전반적인 건강 유지와 인지 건강 관리에 긍정적인 영향을 줄 수 있습니다. 불안이 크다면 혼자 판단하기보다 전문적인 도움을 받는 편이 더 안전합니다.,운동,"운동,걷기,인지건강",manual
33,운동은 어떤 종류가 좋은가요?,"걷기, 가벼운 스트레칭, 무리가 적은 유산소 운동부터 시작하는 것이 좋습니다. 증상이 지속되거나 일상생활에 불편이 생기면 전문가 상담을 받아보는 것이 좋습니다.",운동,"운동종류,산책,스트레칭",manual
34,치매를 예방하려면 어떻게 해야 하나요 관련해서 자세히 알려주세요?,"규칙적인 운동, 충분한 수면, 균형 잡힌 식사, 사회활동, 인지활동이 인지 건강 관리에 도움이 될 수 있습니다. 개인 상태에 따라 차이가 있을 수 있으므로 생활습관과 증상의 변화를 함께 살펴보는 것이 중요합니다.",예방,"치매예방,운동,수면,식사",manual
35,부모님이 자주 잊어버리시는데 어떻게 대처해야 하나요 실생활에서는 어떻게 대처하면 좋나요?,"바로 단정하기보다 증상이 언제부터 얼마나 자주 나타나는지 기록하고, 일상생활의 변화가 있는지 함께 살펴보는 것이 좋습니다. 무리한 자가 판단보다는 꾸준한 관찰과 기본 생활관리부터 시작하는 것이 좋습니다.",가족대처,"부모님,기억력,대처",manual
36,인지활동에는 어떤 것이 있나요 어떻게 봐야 하나요?,"독서, 퍼즐, 단어 연상, 숫자 기억하기, 새로운 취미 배우기 같은 활동이 인지 자극에 도움이 됩니다. 무리한 자가 판단보다는 꾸준한 관찰과 기본 생활관리부터 시작하는 것이 좋습니다.",인지활동,"독서,퍼즐,인지활동",manual
37,부모님이 자주 잊어버리시는데 어떻게 대처해야 하나요 ?,"바로 단정하기보다 증상이 언제부터 얼마나 자주 나타나는지 기록하고, 일상생활의 변화가 있는지 함께 살펴보는 것이 좋습니다. 증상이 지속되거나 일상생활에 불편이 생기면 전문가 상담을 받아보는 것이 좋습니다.",가족대처,"부모님,기억력,대처",manual
38,기억력이 조금 나빠진 것 같으면 바로 치매인가요  쉽게 설명해줘요?,"기억력 저하가 있다고 해서 모두 치매는 아니며 스트레스, 수면 부족, 우울감 같은 다양한 원인도 영향을 줄 수 있습니다. 증상이 지속되거나 일상생활에 불편이 생기면 전문가 상담을 받아보는 것이 좋습니다.",기억력,"기억력저하,스트레스,수면",manual
39,가족이 도와줄 수 있는 방법은 무엇인가요 관련해서 자세히 알려주세요?,"정기적인 대화, 일정 확인, 약 복용 점검, 감정적 지지처럼 일상 속 작은 도움부터 시작하는 것이 좋습니다. 증상이 지속되거나 일상생활에 불편이 생기면 전문가 상담을 받아보는 것이 좋습니다.",가족대처,"가족,돌봄,지원",manual
40,치매가 의심되면 어떻게 해야 하나요?,기억력 저하나 일상생활의 어려움이 지속되면 전문 의료기관 상담을 받아보는 것이 좋습니다. 무리한 자가 판단보다는 꾸준한 관찰과 기본 생활관리부터 시작하는 것이 좋습니다.,상담,"치매의심,상담,의료기관",manual
41,치매 예방에 좋은 음식이 있나요 ?,"특정 음식 하나보다 채소, 생선, 견과류, 단백질, 수분을 포함한 균형 잡힌 식사가 더 중요합니다. 개인 상태에 따라 차이가 있을 수 있으므로 생활습관과 증상의 변화를 함께 살펴보는 것이 중요합니다.",식습관,"치매예방,음식,식습관",manual
42,기억력이 조금 나빠진 것 같으면 바로 치매인가요?,"기억력 저하가 있다고 해서 모두 치매는 아니며 스트레스, 수면 부족, 우울감 같은 다양한 원인도 영향을 줄 수 있습니다. 증상이 지속되거나 일상생활에 불편이 생기면 전문가 상담을 받아보는 것이 좋습니다.",기억력,"기억력저하,스트레스,수면",manual
43,식습관도 인지 건강과 관련이 있나요?,균형 잡힌 식사와 규칙적인 식습관은 전반적인 건강 유지에 중요하며 인지 건강 관리에도 도움이 될 수 있습니다. 개인 상태에 따라 차이가 있을 수 있으므로 생활습관과 증상의 변화를 함께 살펴보는 것이 중요합니다.,식습관,"식습관,영양,인지건강",manual
44,최근에 운동은 어떤 종류가 좋은가요  어떻게 봐야 하나요?,"걷기, 가벼운 스트레칭, 무리가 적은 유산소 운동부터 시작하는 것이 좋습니다. 불안이 크다면 혼자 판단하기보다 전문적인 도움을 받는 편이 더 안전합니다.",운동,"운동종류,산책,스트레칭",manual
45,운동은 어떤 종류가 좋은가요 비슷한 경우에는 어떻게 해야 하나요?,"걷기, 가벼운 스트레칭, 무리가 적은 유산소 운동부터 시작하는 것이 좋습니다. 불안이 크다면 혼자 판단하기보다 전문적인 도움을 받는 편이 더 안전합니다.",운동,"운동종류,산책,스트레칭",manual
46,운동은 어떤 종류가 좋은가요 실생활에서는 어떻게 대처하면 좋나요?,"걷기, 가벼운 스트레칭, 무리가 적은 유산소 운동부터 시작하는 것이 좋습니다. 불안이 크다면 혼자 판단하기보다 전문적인 도움을 받는 편이 더 안전합니다.",운동,"운동종류,산책,스트레칭",manual
47,치매가 의심되면 어떻게 해야 하나요 비슷한 경우에는 어떻게 해야 하나요?,기억력 저하나 일상생활의 어려움이 지속되면 전문 의료기관 상담을 받아보는 것이 좋습니다. 증상이 지속되거나 일상생활에 불편이 생기면 전문가 상담을 받아보는 것이 좋습니다.,상담,"치매의심,상담,의료기관",manual
48,가족이 도와줄 수 있는 방법은 무엇인가요 관련해서 자세히 알려주세요?,"정기적인 대화, 일정 확인, 약 복용 점검, 감정적 지지처럼 일상 속 작은 도움부터 시작하는 것이 좋습니다. 불안이 크다면 혼자 판단하기보다 전문적인 도움을 받는 편이 더 안전합니다.",가족대처,"가족,돌봄,지원",manual
49,부모님이 치매가 의심되면 어떻게 해야 하나요  어떻게 봐야 하나요?,기억력 저하나 일상생활의 어려움이 지속되면 전문 의료기관 상담을 받아보는 것이 좋습니다. 개인 상태에 따라 차이가 있을 수 있으므로 생활습관과 증상의 변화를 함께 살펴보는 것이 중요합니다.,상담,"치매의심,상담,의료기관",manual
50,요즘 잠을 잘 못 자면 기억력에 영향이 있나요 주의할 점도 있나요?,수면 부족은 집중력과 기억력 저하에 영향을 줄 수 있어 규칙적인 수면 습관이 중요합니다. 불안이 크다면 혼자 판단하기보다 전문적인 도움을 받는 편이 더 안전합니다.,수면,"수면,기억력,집중력",manual
51,기억력이 조금 나빠진 것 같으면 바로 치매인가요 관련해서 자세히 알려주세요?,"기억력 저하가 있다고 해서 모두 치매는 아니며 스트레스, 수면 부족, 우울감 같은 다양한 원인도 영향을 줄 수 있습니다. 불안이 크다면 혼자 판단하기보다 전문적인 도움을 받는 편이 더 안전합니다.",기억력,"기억력저하,스트레스,수면",manual
52,혹시 인지활동에는 어떤 것이 있나요 알려주세요?,"독서, 퍼즐, 단어 연상, 숫자 기억하기, 새로운 취미 배우기 같은 활동이 인지 자극에 도움이 됩니다. 무리한 자가 판단보다는 꾸준한 관찰과 기본 생활관리부터 시작하는 것이 좋습니다.",인지활동,"독서,퍼즐,인지활동",manual
53,잠을 잘 못 자면 기억력에 영향이 있나요?,수면 부족은 집중력과 기억력 저하에 영향을 줄 수 있어 규칙적인 수면 습관이 중요합니다. 증상이 지속되거나 일상생활에 불편이 생기면 전문가 상담을 받아보는 것이 좋습니다.,수면,"수면,기억력,집중력",manual
54,기억력이 조금 나빠진 것 같으면 바로 치매인가요 비슷한 경우에는 어떻게 해야 하나요?,"기억력 저하가 있다고 해서 모두 치매는 아니며 스트레스, 수면 부족, 우울감 같은 다양한 원인도 영향을 줄 수 있습니다. 개인 상태에 따라 차이가 있을 수 있으므로 생활습관과 증상의 변화를 함께 살펴보는 것이 중요합니다.",기억력,"기억력저하,스트레스,수면",manual
55,치매 초기 증상은 무엇인가요  어떻게 봐야 하나요?,치매 초기에는 최근 일을 잊거나 같은 질문을 반복하고 시간이나 장소를 혼동하는 증상이 나타날 수 있습니다. 증상이 지속되거나 일상생활에 불편이 생기면 전문가 상담을 받아보는 것이 좋습니다.,초기증상,"치매,초기증상,기억력",manual
56,요즘 인지활동에는 어떤 것이 있나요 어떻게 봐야 하나요?,"독서, 퍼즐, 단어 연상, 숫자 기억하기, 새로운 취미 배우기 같은 활동이 인지 자극에 도움이 됩니다. 개인 상태에 따라 차이가 있을 수 있으므로 생활습관과 증상의 변화를 함께 살펴보는 것이 중요합니다.",인지활동,"독서,퍼즐,인지활동",manual
57,식습관도 인지 건강과 관련이 있나요?,균형 잡힌 식사와 규칙적인 식습관은 전반적인 건강 유지에 중요하며 인지 건강 관리에도 도움이 될 수 있습니다. 개인 상태에 따라 차이가 있을 수 있으므로 생활습관과 증상의 변화를 함께 살펴보는 것이 중요합니다.,식습관,"식습관,영양,인지건강",manual
58,치매 초기 증상은 무엇인가요 실생활에서는 어떻게 대처하면 좋나요?,치매 초기에는 최근 일을 잊거나 같은 질문을 반복하고 시간이나 장소를 혼동하는 증상이 나타날 수 있습니다. 증상이 지속되거나 일상생활에 불편이 생기면 전문가 상담을 받아보는 것이 좋습니다.,초기증상,"치매,초기증상,기억력",manual
59,기억력이 조금 나빠진 것 같으면 바로 치매인가요 실생활에서는 어떻게 대처하면 좋나요?,"기억력 저하가 있다고 해서 모두 치매는 아니며 스트레스, 수면 부족, 우울감 같은 다양한 원인도 영향을 줄 수 있습니다. 무리한 자가 판단보다는 꾸준한 관찰과 기본 생활관리부터 시작하는 것이 좋습니다.",기억력,"기억력저하,스트레스,수면",manual
60,최근에 기억력이 조금 나빠진 것 같으면 바로 치매인가요?,"기억력 저하가 있다고 해서 모두 치매는 아니며 스트레스, 수면 부족, 우울감 같은 다양한 원인도 영향을 줄 수 있습니다. 불안이 크다면 혼자 판단하기보다 전문적인 도움을 받는 편이 더 안전합니다.",기억력,"기억력저하,스트레스,수면",manual
61,병원 상담은 언제 받아야 하나요 관련해서 자세히 알려주세요?,"기억력 저하가 반복되거나 시간·장소 혼동, 일상생활의 어려움이 함께 나타나면 상담을 고려하는 것이 좋습니다. 증상이 지속되거나 일상생활에 불편이 생기면 전문가 상담을 받아보는 것이 좋습니다.",상담,"병원,상담,시점",manual
62,요즘 치매 예방에 좋은 음식이 있나요 알려주세요?,"특정 음식 하나보다 채소, 생선, 견과류, 단백질, 수분을 포함한 균형 잡힌 식사가 더 중요합니다. 불안이 크다면 혼자 판단하기보다 전문적인 도움을 받는 편이 더 안전합니다.",식습관,"치매예방,음식,식습관",manual
63,우울감과 기억력 저하는 관련이 있나요 관련해서 자세히 알려주세요?,우울감과 스트레스는 기억력과 집중력에 영향을 줄 수 있어 정서 상태를 함께 살펴보는 것이 중요합니다. 불안이 크다면 혼자 판단하기보다 전문적인 도움을 받는 편이 더 안전합니다.,정서,"우울감,기억력,스트레스",manual
64,사회활동이 왜 중요한가요 비슷한 경우에는 어떻게 해야 하나요?,사회적 교류는 정서적 안정과 인지 자극에 도움이 될 수 있어 꾸준한 소통이 중요합니다. 불안이 크다면 혼자 판단하기보다 전문적인 도움을 받는 편이 더 안전합니다.,사회활동,"사회활동,교류,정서",manual
65,병원 상담은 언제 받아야 하나요?,"기억력 저하가 반복되거나 시간·장소 혼동, 일상생활의 어려움이 함께 나타나면 상담을 고려하는 것이 좋습니다. 불안이 크다면 혼자 판단하기보다 전문적인 도움을 받는 편이 더 안전합니다.",상담,"병원,상담,시점",manual
66,기억력이 조금 나빠진 것 같으면 바로 치매인가요 실생활에서는 어떻게 대처하면 좋나요?,"기억력 저하가 있다고 해서 모두 치매는 아니며 스트레스, 수면 부족, 우울감 같은 다양한 원인도 영향을 줄 수 있습니다. 증상이 지속되거나 일상생활에 불편이 생기면 전문가 상담을 받아보는 것이 좋습니다.",기억력,"기억력저하,스트레스,수면",manual
67,우울감과 기억력 저하는 관련이 있나요 비슷한 경우에는 어떻게 해야 하나요?,우울감과 스트레스는 기억력과 집중력에 영향을 줄 수 있어 정서 상태를 함께 살펴보는 것이 중요합니다. 무리한 자가 판단보다는 꾸준한 관찰과 기본 생활관리부터 시작하는 것이 좋습니다.,정서,"우울감,기억력,스트레스",manual
68,치매 초기 증상은 무엇인가요 비슷한 경우에는 어떻게 해야 하나요?,치매 초기에는 최근 일을 잊거나 같은 질문을 반복하고 시간이나 장소를 혼동하는 증상이 나타날 수 있습니다. 개인 상태에 따라 차이가 있을 수 있으므로 생활습관과 증상의 변화를 함께 살펴보는 것이 중요합니다.,초기증상,"치매,초기증상,기억력",manual
69,인지활동에는 어떤 것이 있나요 관련해서 자세히 알려주세요?,"독서, 퍼즐, 단어 연상, 숫자 기억하기, 새로운 취미 배우기 같은 활동이 인지 자극에 도움이 됩니다. 무리한 자가 판단보다는 꾸준한 관찰과 기본 생활관리부터 시작하는 것이 좋습니다.",인지활동,"독서,퍼즐,인지활동",manual
70,가족이 도와줄 수 있는 방법은 무엇인가요 관련해서 자세히 알려주세요?,"정기적인 대화, 일정 확인, 약 복용 점검, 감정적 지지처럼 일상 속 작은 도움부터 시작하는 것이 좋습니다. 불안이 크다면 혼자 판단하기보다 전문적인 도움을 받는 편이 더 안전합니다.",가족대처,"가족,돌봄,지원",manual
71,치매 관련해서 운동은 어떤 종류가 좋은가요  어떻게 봐야 하나요?,"걷기, 가벼운 스트레칭, 무리가 적은 유산소 운동부터 시작하는 것이 좋습니다. 불안이 크다면 혼자 판단하기보다 전문적인 도움을 받는 편이 더 안전합니다.",운동,"운동종류,산책,스트레칭",manual
72,치매를 예방하려면 어떻게 해야 하나요?,"규칙적인 운동, 충분한 수면, 균형 잡힌 식사, 사회활동, 인지활동이 인지 건강 관리에 도움이 될 수 있습니다. 증상이 지속되거나 일상생활에 불편이 생기면 전문가 상담을 받아보는 것이 좋습니다.",예방,"치매예방,운동,수면,식사",manual
73,사회활동이 왜 중요한가요 비슷한 경우에는 어떻게 해야 하나요?,사회적 교류는 정서적 안정과 인지 자극에 도움이 될 수 있어 꾸준한 소통이 중요합니다. 무리한 자가 판단보다는 꾸준한 관찰과 기본 생활관리부터 시작하는 것이 좋습니다.,사회활동,"사회활동,교류,정서",manual
74,운동은 어떤 종류가 좋은가요 비슷한 경우에는 어떻게 해야 하나요?,"걷기, 가벼운 스트레칭, 무리가 적은 유산소 운동부터 시작하는 것이 좋습니다. 무리한 자가 판단보다는 꾸준한 관찰과 기본 생활관리부터 시작하는 것이 좋습니다.",운동,"운동종류,산책,스트레칭",manual
75,혹시 치매가 의심되면 어떻게 해야 하나요 궁금해요?,기억력 저하나 일상생활의 어려움이 지속되면 전문 의료기관 상담을 받아보는 것이 좋습니다. 개인 상태에 따라 차이가 있을 수 있으므로 생활습관과 증상의 변화를 함께 살펴보는 것이 중요합니다.,상담,"치매의심,상담,의료기관",manual
76,기억력이 조금 나빠진 것 같으면 바로 치매인가요 관련해서 자세히 알려주세요?,"기억력 저하가 있다고 해서 모두 치매는 아니며 스트레스, 수면 부족, 우울감 같은 다양한 원인도 영향을 줄 수 있습니다. 불안이 크다면 혼자 판단하기보다 전문적인 도움을 받는 편이 더 안전합니다.",기억력,"기억력저하,스트레스,수면",manual
77,운동이 인지 건강에 도움이 되나요 비슷한 경우에는 어떻게 해야 하나요?,걷기와 같은 가벼운 유산소 운동은 전반적인 건강 유지와 인지 건강 관리에 긍정적인 영향을 줄 수 있습니다. 무리한 자가 판단보다는 꾸준한 관찰과 기본 생활관리부터 시작하는 것이 좋습니다.,운동,"운동,걷기,인지건강",manual
78,식습관도 인지 건강과 관련이 있나요 궁금해요?,균형 잡힌 식사와 규칙적인 식습관은 전반적인 건강 유지에 중요하며 인지 건강 관리에도 도움이 될 수 있습니다. 불안이 크다면 혼자 판단하기보다 전문적인 도움을 받는 편이 더 안전합니다.,식습관,"식습관,영양,인지건강",manual
79,가족이 도와줄 수 있는 방법은 무엇인가요 비슷한 경우에는 어떻게 해야 하나요?,"정기적인 대화, 일정 확인, 약 복용 점검, 감정적 지지처럼 일상 속 작은 도움부터 시작하는 것이 좋습니다. 증상이 지속되거나 일상생활에 불편이 생기면 전문가 상담을 받아보는 것이 좋습니다.",가족대처,"가족,돌봄,지원",manual
80,최근에 치매가 의심되면 어떻게 해야 하나요 어떻게 봐야 하나요?,기억력 저하나 일상생활의 어려움이 지속되면 전문 의료기관 상담을 받아보는 것이 좋습니다. 개인 상태에 따라 차이가 있을 수 있으므로 생활습관과 증상의 변화를 함께 살펴보는 것이 중요합니다.,상담,"치매의심,상담,의료기관",manual
81,최근에 식습관도 인지 건강과 관련이 있나요?,균형 잡힌 식사와 규칙적인 식습관은 전반적인 건강 유지에 중요하며 인지 건강 관리에도 도움이 될 수 있습니다. 증상이 지속되거나 일상생활에 불편이 생기면 전문가 상담을 받아보는 것이 좋습니다.,식습관,"식습관,영양,인지건강",manual
82,최근에 사회활동이 왜 중요한가요  주의할 점도 있나요?,사회적 교류는 정서적 안정과 인지 자극에 도움이 될 수 있어 꾸준한 소통이 중요합니다. 개인 상태에 따라 차이가 있을 수 있으므로 생활습관과 증상의 변화를 함께 살펴보는 것이 중요합니다.,사회활동,"사회활동,교류,정서",manual
83,우울감과 기억력 저하는 관련이 있나요 실생활에서는 어떻게 대처하면 좋나요?,우울감과 스트레스는 기억력과 집중력에 영향을 줄 수 있어 정서 상태를 함께 살펴보는 것이 중요합니다. 무리한 자가 판단보다는 꾸준한 관찰과 기본 생활관리부터 시작하는 것이 좋습니다.,정서,"우울감,기억력,스트레스",manual
84,부모님이 부모님이 자주 잊어버리시는데 어떻게 대처해야 하나요  궁금해요?,"바로 단정하기보다 증상이 언제부터 얼마나 자주 나타나는지 기록하고, 일상생활의 변화가 있는지 함께 살펴보는 것이 좋습니다. 무리한 자가 판단보다는 꾸준한 관찰과 기본 생활관리부터 시작하는 것이 좋습니다.",가족대처,"부모님,기억력,대처",manual
85,혹시 운동이 인지 건강에 도움이 되나요  주의할 점도 있나요?,걷기와 같은 가벼운 유산소 운동은 전반적인 건강 유지와 인지 건강 관리에 긍정적인 영향을 줄 수 있습니다. 개인 상태에 따라 차이가 있을 수 있으므로 생활습관과 증상의 변화를 함께 살펴보는 것이 중요합니다.,운동,"운동,걷기,인지건강",manual
86,치매 초기 증상은 무엇인가요 비슷한 경우에는 어떻게 해야 하나요?,치매 초기에는 최근 일을 잊거나 같은 질문을 반복하고 시간이나 장소를 혼동하는 증상이 나타날 수 있습니다. 불안이 크다면 혼자 판단하기보다 전문적인 도움을 받는 편이 더 안전합니다.,초기증상,"치매,초기증상,기억력",manual
87,부모님이 자주 잊어버리시는데 어떻게 대처해야 하나요 관련해서 자세히 알려주세요?,"바로 단정하기보다 증상이 언제부터 얼마나 자주 나타나는지 기록하고, 일상생활의 변화가 있는지 함께 살펴보는 것이 좋습니다. 개인 상태에 따라 차이가 있을 수 있으므로 생활습관과 증상의 변화를 함께 살펴보는 것이 중요합니다.",가족대처,"부모님,기억력,대처",manual
88,인지활동에는 어떤 것이 있나요 관련해서 자세히 알려주세요?,"독서, 퍼즐, 단어 연상, 숫자 기억하기, 새로운 취미 배우기 같은 활동이 인지 자극에 도움이 됩니다. 무리한 자가 판단보다는 꾸준한 관찰과 기본 생활관리부터 시작하는 것이 좋습니다.",인지활동,"독서,퍼즐,인지활동",manual
89,우울감과 기억력 저하는 관련이 있나요 어떻게 봐야 하나요?,우울감과 스트레스는 기억력과 집중력에 영향을 줄 수 있어 정서 상태를 함께 살펴보는 것이 중요합니다. 증상이 지속되거나 일상생활에 불편이 생기면 전문가 상담을 받아보는 것이 좋습니다.,정서,"우울감,기억력,스트레스",manual
90,가족이 도와줄 수 있는 방법은 무엇인가요 비슷한 경우에는 어떻게 해야 하나요?,"정기적인 대화, 일정 확인, 약 복용 점검, 감정적 지지처럼 일상 속 작은 도움부터 시작하는 것이 좋습니다. 불안이 크다면 혼자 판단하기보다 전문적인 도움을 받는 편이 더 안전합니다.",가족대처,"가족,돌봄,지원",manual
91,치매 관련해서 치매 초기 증상은 무엇인가요  알려주세요?,치매 초기에는 최근 일을 잊거나 같은 질문을 반복하고 시간이나 장소를 혼동하는 증상이 나타날 수 있습니다. 증상이 지속되거나 일상생활에 불편이 생기면 전문가 상담을 받아보는 것이 좋습니다.,초기증상,"치매,초기증상,기억력",manual
92,잠을 잘 못 자면 기억력에 영향이 있나요?,수면 부족은 집중력과 기억력 저하에 영향을 줄 수 있어 규칙적인 수면 습관이 중요합니다. 개인 상태에 따라 차이가 있을 수 있으므로 생활습관과 증상의 변화를 함께 살펴보는 것이 중요합니다.,수면,"수면,기억력,집중력",manual
93,운동이 인지 건강에 도움이 되나요 관련해서 자세히 알려주세요?,걷기와 같은 가벼운 유산소 운동은 전반적인 건강 유지와 인지 건강 관리에 긍정적인 영향을 줄 수 있습니다. 불안이 크다면 혼자 판단하기보다 전문적인 도움을 받는 편이 더 안전합니다.,운동,"운동,걷기,인지건강",manual
94,운동은 어떤 종류가 좋은가요 관련해서 자세히 알려주세요?,"걷기, 가벼운 스트레칭, 무리가 적은 유산소 운동부터 시작하는 것이 좋습니다. 개인 상태에 따라 차이가 있을 수 있으므로 생활습관과 증상의 변화를 함께 살펴보는 것이 중요합니다.",운동,"운동종류,산책,스트레칭",manual
95,치매가 의심되면 어떻게 해야 하나요?,기억력 저하나 일상생활의 어려움이 지속되면 전문 의료기관 상담을 받아보는 것이 좋습니다. 개인 상태에 따라 차이가 있을 수 있으므로 생활습관과 증상의 변화를 함께 살펴보는 것이 중요합니다.,상담,"치매의심,상담,의료기관",manual
96,우울감과 기억력 저하는 관련이 있나요 실생활에서는 어떻게 대처하면 좋나요?,우울감과 스트레스는 기억력과 집중력에 영향을 줄 수 있어 정서 상태를 함께 살펴보는 것이 중요합니다. 개인 상태에 따라 차이가 있을 수 있으므로 생활습관과 증상의 변화를 함께 살펴보는 것이 중요합니다.,정서,"우울감,기억력,스트레스",manual
97,부모님이 잠을 잘 못 자면 기억력에 영향이 있나요 어떻게 봐야 하나요?,수면 부족은 집중력과 기억력 저하에 영향을 줄 수 있어 규칙적인 수면 습관이 중요합니다. 불안이 크다면 혼자 판단하기보다 전문적인 도움을 받는 편이 더 안전합니다.,수면,"수면,기억력,집중력",manual
98,운동이 인지 건강에 도움이 되나요 비슷한 경우에는 어떻게 해야 하나요?,걷기와 같은 가벼운 유산소 운동은 전반적인 건강 유지와 인지 건강 관리에 긍정적인 영향을 줄 수 있습니다. 불안이 크다면 혼자 판단하기보다 전문적인 도움을 받는 편이 더 안전합니다.,운동,"운동,걷기,인지건강",manual
99,치매를 예방하려면 어떻게 해야 하나요 관련해서 자세히 알려주세요?,"규칙적인 운동, 충분한 수면, 균형 잡힌 식사, 사회활동, 인지활동이 인지 건강 관리에 도움이 될 수 있습니다. 개인 상태에 따라 차이가 있을 수 있으므로 생활습관과 증상의 변화를 함께 살펴보는 것이 중요합니다.",예방,"치매예방,운동,수면,식사",manual
100,사회활동이 왜 중요한가요 실생활에서는 어떻게 대처하면 좋나요?,사회적 교류는 정서적 안정과 인지 자극에 도움이 될 수 있어 꾸준한 소통이 중요합니다. 개인 상태에 따라 차이가 있을 수 있으므로 생활습관과 증상의 변화를 함께 살펴보는 것이 중요합니다.,사회활동,"사회활동,교류,정서",manual
101,사회활동이 왜 중요한가요 실생활에서는 어떻게 대처하면 좋나요?,사회적 교류는 정서적 안정과 인지 자극에 도움이 될 수 있어 꾸준한 소통이 중요합니다. 개인 상태에 따라 차이가 있을 수 있으므로 생활습관과 증상의 변화를 함께 살펴보는 것이 중요합니다.,사회활동,"사회활동,교류,정서",manual
102,최근에 기억력이 조금 나빠진 것 같으면 바로 치매인가요 쉽게 설명해줘요?,"기억력 저하가 있다고 해서 모두 치매는 아니며 스트레스, 수면 부족, 우울감 같은 다양한 원인도 영향을 줄 수 있습니다. 증상이 지속되거나 일상생활에 불편이 생기면 전문가 상담을 받아보는 것이 좋습니다.",기억력,"기억력저하,스트레스,수면",manual
103,치매 초기 증상은 무엇인가요 실생활에서는 어떻게 대처하면 좋나요?,치매 초기에는 최근 일을 잊거나 같은 질문을 반복하고 시간이나 장소를 혼동하는 증상이 나타날 수 있습니다. 증상이 지속되거나 일상생활에 불편이 생기면 전문가 상담을 받아보는 것이 좋습니다.,초기증상,"치매,초기증상,기억력",manual
104,혹시 사회활동이 왜 중요한가요?,사회적 교류는 정서적 안정과 인지 자극에 도움이 될 수 있어 꾸준한 소통이 중요합니다. 개인 상태에 따라 차이가 있을 수 있으므로 생활습관과 증상의 변화를 함께 살펴보는 것이 중요합니다.,사회활동,"사회활동,교류,정서",manual
105,부모님이 자주 잊어버리시는데 어떻게 대처해야 하나요 실생활에서는 어떻게 대처하면 좋나요?,"바로 단정하기보다 증상이 언제부터 얼마나 자주 나타나는지 기록하고, 일상생활의 변화가 있는지 함께 살펴보는 것이 좋습니다. 증상이 지속되거나 일상생활에 불편이 생기면 전문가 상담을 받아보는 것이 좋습니다.",가족대처,"부모님,기억력,대처",manual
106,식습관도 인지 건강과 관련이 있나요 관련해서 자세히 알려주세요?,균형 잡힌 식사와 규칙적인 식습관은 전반적인 건강 유지에 중요하며 인지 건강 관리에도 도움이 될 수 있습니다. 무리한 자가 판단보다는 꾸준한 관찰과 기본 생활관리부터 시작하는 것이 좋습니다.,식습관,"식습관,영양,인지건강",manual
107,사회활동이 왜 중요한가요 실생활에서는 어떻게 대처하면 좋나요?,사회적 교류는 정서적 안정과 인지 자극에 도움이 될 수 있어 꾸준한 소통이 중요합니다. 증상이 지속되거나 일상생활에 불편이 생기면 전문가 상담을 받아보는 것이 좋습니다.,사회활동,"사회활동,교류,정서",manual
108,치매가 의심되면 어떻게 해야 하나요?,기억력 저하나 일상생활의 어려움이 지속되면 전문 의료기관 상담을 받아보는 것이 좋습니다. 무리한 자가 판단보다는 꾸준한 관찰과 기본 생활관리부터 시작하는 것이 좋습니다.,상담,"치매의심,상담,의료기관",manual
109,부모님이 가족이 도와줄 수 있는 방법은 무엇인가요 어떻게 봐야 하나요?,"정기적인 대화, 일정 확인, 약 복용 점검, 감정적 지지처럼 일상 속 작은 도움부터 시작하는 것이 좋습니다. 무리한 자가 판단보다는 꾸준한 관찰과 기본 생활관리부터 시작하는 것이 좋습니다.",가족대처,"가족,돌봄,지원",manual
110,기억력이 조금 나빠진 것 같으면 바로 치매인가요?,"기억력 저하가 있다고 해서 모두 치매는 아니며 스트레스, 수면 부족, 우울감 같은 다양한 원인도 영향을 줄 수 있습니다. 개인 상태에 따라 차이가 있을 수 있으므로 생활습관과 증상의 변화를 함께 살펴보는 것이 중요합니다.",기억력,"기억력저하,스트레스,수면",manual
111,우울감과 기억력 저하는 관련이 있나요 실생활에서는 어떻게 대처하면 좋나요?,우울감과 스트레스는 기억력과 집중력에 영향을 줄 수 있어 정서 상태를 함께 살펴보는 것이 중요합니다. 무리한 자가 판단보다는 꾸준한 관찰과 기본 생활관리부터 시작하는 것이 좋습니다.,정서,"우울감,기억력,스트레스",manual
112,사회활동이 왜 중요한가요?,사회적 교류는 정서적 안정과 인지 자극에 도움이 될 수 있어 꾸준한 소통이 중요합니다. 개인 상태에 따라 차이가 있을 수 있으므로 생활습관과 증상의 변화를 함께 살펴보는 것이 중요합니다.,사회활동,"사회활동,교류,정서",manual
113,혹시 운동이 인지 건강에 도움이 되나요 어떻게 봐야 하나요?,걷기와 같은 가벼운 유산소 운동은 전반적인 건강 유지와 인지 건강 관리에 긍정적인 영향을 줄 수 있습니다. 개인 상태에 따라 차이가 있을 수 있으므로 생활습관과 증상의 변화를 함께 살펴보는 것이 중요합니다.,운동,"운동,걷기,인지건강",manual
114,우울감과 기억력 저하는 관련이 있나요 관련해서 자세히 알려주세요?,우울감과 스트레스는 기억력과 집중력에 영향을 줄 수 있어 정서 상태를 함께 살펴보는 것이 중요합니다. 불안이 크다면 혼자 판단하기보다 전문적인 도움을 받는 편이 더 안전합니다.,정서,"우울감,기억력,스트레스",manual
115,요즘 운동이 인지 건강에 도움이 되나요 ?,걷기와 같은 가벼운 유산소 운동은 전반적인 건강 유지와 인지 건강 관리에 긍정적인 영향을 줄 수 있습니다. 증상이 지속되거나 일상생활에 불편이 생기면 전문가 상담을 받아보는 것이 좋습니다.,운동,"운동,걷기,인지건강",manual
116,치매를 예방하려면 어떻게 해야 하나요 관련해서 자세히 알려주세요?,"규칙적인 운동, 충분한 수면, 균형 잡힌 식사, 사회활동, 인지활동이 인지 건강 관리에 도움이 될 수 있습니다. 불안이 크다면 혼자 판단하기보다 전문적인 도움을 받는 편이 더 안전합니다.",예방,"치매예방,운동,수면,식사",manual
117,우울감과 기억력 저하는 관련이 있나요  어떻게 봐야 하나요?,우울감과 스트레스는 기억력과 집중력에 영향을 줄 수 있어 정서 상태를 함께 살펴보는 것이 중요합니다. 증상이 지속되거나 일상생활에 불편이 생기면 전문가 상담을 받아보는 것이 좋습니다.,정서,"우울감,기억력,스트레스",manual
118,치매 초기 증상은 무엇인가요?,치매 초기에는 최근 일을 잊거나 같은 질문을 반복하고 시간이나 장소를 혼동하는 증상이 나타날 수 있습니다. 개인 상태에 따라 차이가 있을 수 있으므로 생활습관과 증상의 변화를 함께 살펴보는 것이 중요합니다.,초기증상,"치매,초기증상,기억력",manual
119,부모님이 자주 잊어버리시는데 어떻게 대처해야 하나요 주의할 점도 있나요?,"바로 단정하기보다 증상이 언제부터 얼마나 자주 나타나는지 기록하고, 일상생활의 변화가 있는지 함께 살펴보는 것이 좋습니다. 증상이 지속되거나 일상생활에 불편이 생기면 전문가 상담을 받아보는 것이 좋습니다.",가족대처,"부모님,기억력,대처",manual
120,요즘 우울감과 기억력 저하는 관련이 있나요?,우울감과 스트레스는 기억력과 집중력에 영향을 줄 수 있어 정서 상태를 함께 살펴보는 것이 중요합니다. 불안이 크다면 혼자 판단하기보다 전문적인 도움을 받는 편이 더 안전합니다.,정서,"우울감,기억력,스트레스",manual
121,치매 초기 증상은 무엇인가요?,치매 초기에는 최근 일을 잊거나 같은 질문을 반복하고 시간이나 장소를 혼동하는 증상이 나타날 수 있습니다. 개인 상태에 따라 차이가 있을 수 있으므로 생활습관과 증상의 변화를 함께 살펴보는 것이 중요합니다.,초기증상,"치매,초기증상,기억력",manual
122,식습관도 인지 건강과 관련이 있나요 관련해서 자세히 알려주세요?,균형 잡힌 식사와 규칙적인 식습관은 전반적인 건강 유지에 중요하며 인지 건강 관리에도 도움이 될 수 있습니다. 증상이 지속되거나 일상생활에 불편이 생기면 전문가 상담을 받아보는 것이 좋습니다.,식습관,"식습관,영양,인지건강",manual
123,치매를 예방하려면 어떻게 해야 하나요 실생활에서는 어떻게 대처하면 좋나요?,"규칙적인 운동, 충분한 수면, 균형 잡힌 식사, 사회활동, 인지활동이 인지 건강 관리에 도움이 될 수 있습니다. 불안이 크다면 혼자 판단하기보다 전문적인 도움을 받는 편이 더 안전합니다.",예방,"치매예방,운동,수면,식사",manual
124,치매가 의심되면 어떻게 해야 하나요 관련해서 자세히 알려주세요?,기억력 저하나 일상생활의 어려움이 지속되면 전문 의료기관 상담을 받아보는 것이 좋습니다. 개인 상태에 따라 차이가 있을 수 있으므로 생활습관과 증상의 변화를 함께 살펴보는 것이 중요합니다.,상담,"치매의심,상담,의료기관",manual
125,치매가 의심되면 어떻게 해야 하나요?,기억력 저하나 일상생활의 어려움이 지속되면 전문 의료기관 상담을 받아보는 것이 좋습니다. 증상이 지속되거나 일상생활에 불편이 생기면 전문가 상담을 받아보는 것이 좋습니다.,상담,"치매의심,상담,의료기관",manual
126,인지활동에는 어떤 것이 있나요 비슷한 경우에는 어떻게 해야 하나요?,"독서, 퍼즐, 단어 연상, 숫자 기억하기, 새로운 취미 배우기 같은 활동이 인지 자극에 도움이 됩니다. 개인 상태에 따라 차이가 있을 수 있으므로 생활습관과 증상의 변화를 함께 살펴보는 것이 중요합니다.",인지활동,"독서,퍼즐,인지활동",manual
127,우울감과 기억력 저하는 관련이 있나요 비슷한 경우에는 어떻게 해야 하나요?,우울감과 스트레스는 기억력과 집중력에 영향을 줄 수 있어 정서 상태를 함께 살펴보는 것이 중요합니다. 증상이 지속되거나 일상생활에 불편이 생기면 전문가 상담을 받아보는 것이 좋습니다.,정서,"우울감,기억력,스트레스",manual
128,병원 상담은 언제 받아야 하나요?,"기억력 저하가 반복되거나 시간·장소 혼동, 일상생활의 어려움이 함께 나타나면 상담을 고려하는 것이 좋습니다. 증상이 지속되거나 일상생활에 불편이 생기면 전문가 상담을 받아보는 것이 좋습니다.",상담,"병원,상담,시점",manual
129,우울감과 기억력 저하는 관련이 있나요 비슷한 경우에는 어떻게 해야 하나요?,우울감과 스트레스는 기억력과 집중력에 영향을 줄 수 있어 정서 상태를 함께 살펴보는 것이 중요합니다. 개인 상태에 따라 차이가 있을 수 있으므로 생활습관과 증상의 변화를 함께 살펴보는 것이 중요합니다.,정서,"우울감,기억력,스트레스",manual
130,가족이 도와줄 수 있는 방법은 무엇인가요 실생활에서는 어떻게 대처하면 좋나요?,"정기적인 대화, 일정 확인, 약 복용 점검, 감정적 지지처럼 일상 속 작은 도움부터 시작하는 것이 좋습니다. 무리한 자가 판단보다는 꾸준한 관찰과 기본 생활관리부터 시작하는 것이 좋습니다.",가족대처,"가족,돌봄,지원",manual
131,잠을 잘 못 자면 기억력에 영향이 있나요 비슷한 경우에는 어떻게 해야 하나요?,수면 부족은 집중력과 기억력 저하에 영향을 줄 수 있어 규칙적인 수면 습관이 중요합니다. 개인 상태에 따라 차이가 있을 수 있으므로 생활습관과 증상의 변화를 함께 살펴보는 것이 중요합니다.,수면,"수면,기억력,집중력",manual
132,치매가 의심되면 어떻게 해야 하나요 관련해서 자세히 알려주세요?,기억력 저하나 일상생활의 어려움이 지속되면 전문 의료기관 상담을 받아보는 것이 좋습니다. 개인 상태에 따라 차이가 있을 수 있으므로 생활습관과 증상의 변화를 함께 살펴보는 것이 중요합니다.,상담,"치매의심,상담,의료기관",manual
133,병원 상담은 언제 받아야 하나요?,"기억력 저하가 반복되거나 시간·장소 혼동, 일상생활의 어려움이 함께 나타나면 상담을 고려하는 것이 좋습니다. 불안이 크다면 혼자 판단하기보다 전문적인 도움을 받는 편이 더 안전합니다.",상담,"병원,상담,시점",manual
134,운동은 어떤 종류가 좋은가요?,"걷기, 가벼운 스트레칭, 무리가 적은 유산소 운동부터 시작하는 것이 좋습니다. 개인 상태에 따라 차이가 있을 수 있으므로 생활습관과 증상의 변화를 함께 살펴보는 것이 중요합니다.",운동,"운동종류,산책,스트레칭",manual
135,병원 상담은 언제 받아야 하나요  쉽게 설명해줘요?,"기억력 저하가 반복되거나 시간·장소 혼동, 일상생활의 어려움이 함께 나타나면 상담을 고려하는 것이 좋습니다. 불안이 크다면 혼자 판단하기보다 전문적인 도움을 받는 편이 더 안전합니다.",상담,"병원,상담,시점",manual
136,치매가 의심되면 어떻게 해야 하나요 관련해서 자세히 알려주세요?,기억력 저하나 일상생활의 어려움이 지속되면 전문 의료기관 상담을 받아보는 것이 좋습니다. 무리한 자가 판단보다는 꾸준한 관찰과 기본 생활관리부터 시작하는 것이 좋습니다.,상담,"치매의심,상담,의료기관",manual
137,치매 관련해서 치매 초기 증상은 무엇인가요 쉽게 설명해줘요?,치매 초기에는 최근 일을 잊거나 같은 질문을 반복하고 시간이나 장소를 혼동하는 증상이 나타날 수 있습니다. 증상이 지속되거나 일상생활에 불편이 생기면 전문가 상담을 받아보는 것이 좋습니다.,초기증상,"치매,초기증상,기억력",manual
138,치매 예방에 좋은 음식이 있나요 비슷한 경우에는 어떻게 해야 하나요?,"특정 음식 하나보다 채소, 생선, 견과류, 단백질, 수분을 포함한 균형 잡힌 식사가 더 중요합니다. 무리한 자가 판단보다는 꾸준한 관찰과 기본 생활관리부터 시작하는 것이 좋습니다.",식습관,"치매예방,음식,식습관",manual
139,병원 상담은 언제 받아야 하나요?,"기억력 저하가 반복되거나 시간·장소 혼동, 일상생활의 어려움이 함께 나타나면 상담을 고려하는 것이 좋습니다. 불안이 크다면 혼자 판단하기보다 전문적인 도움을 받는 편이 더 안전합니다.",상담,"병원,상담,시점",manual
140,혹시 치매를 예방하려면 어떻게 해야 하나요  주의할 점도 있나요?,"규칙적인 운동, 충분한 수면, 균형 잡힌 식사, 사회활동, 인지활동이 인지 건강 관리에 도움이 될 수 있습니다. 불안이 크다면 혼자 판단하기보다 전문적인 도움을 받는 편이 더 안전합니다.",예방,"치매예방,운동,수면,식사",manual
141,가족이 도와줄 수 있는 방법은 무엇인가요 비슷한 경우에는 어떻게 해야 하나요?,"정기적인 대화, 일정 확인, 약 복용 점검, 감정적 지지처럼 일상 속 작은 도움부터 시작하는 것이 좋습니다. 개인 상태에 따라 차이가 있을 수 있으므로 생활습관과 증상의 변화를 함께 살펴보는 것이 중요합니다.",가족대처,"가족,돌봄,지원",manual
142,치매 관련해서 치매 예방에 좋은 음식이 있나요 ?,"특정 음식 하나보다 채소, 생선, 견과류, 단백질, 수분을 포함한 균형 잡힌 식사가 더 중요합니다. 개인 상태에 따라 차이가 있을 수 있으므로 생활습관과 증상의 변화를 함께 살펴보는 것이 중요합니다.",식습관,"치매예방,음식,식습관",manual
143,치매가 의심되면 어떻게 해야 하나요 관련해서 자세히 알려주세요?,기억력 저하나 일상생활의 어려움이 지속되면 전문 의료기관 상담을 받아보는 것이 좋습니다. 증상이 지속되거나 일상생활에 불편이 생기면 전문가 상담을 받아보는 것이 좋습니다.,상담,"치매의심,상담,의료기관",manual
144,치매 초기 증상은 무엇인가요 관련해서 자세히 알려주세요?,치매 초기에는 최근 일을 잊거나 같은 질문을 반복하고 시간이나 장소를 혼동하는 증상이 나타날 수 있습니다. 증상이 지속되거나 일상생활에 불편이 생기면 전문가 상담을 받아보는 것이 좋습니다.,초기증상,"치매,초기증상,기억력",manual
145,치매 관련해서 기억력이 조금 나빠진 것 같으면 바로 치매인가요  주의할 점도 있나요?,"기억력 저하가 있다고 해서 모두 치매는 아니며 스트레스, 수면 부족, 우울감 같은 다양한 원인도 영향을 줄 수 있습니다. 무리한 자가 판단보다는 꾸준한 관찰과 기본 생활관리부터 시작하는 것이 좋습니다.",기억력,"기억력저하,스트레스,수면",manual
146,사회활동이 왜 중요한가요 관련해서 자세히 알려주세요?,사회적 교류는 정서적 안정과 인지 자극에 도움이 될 수 있어 꾸준한 소통이 중요합니다. 무리한 자가 판단보다는 꾸준한 관찰과 기본 생활관리부터 시작하는 것이 좋습니다.,사회활동,"사회활동,교류,정서",manual
147,치매를 예방하려면 어떻게 해야 하나요 실생활에서는 어떻게 대처하면 좋나요?,"규칙적인 운동, 충분한 수면, 균형 잡힌 식사, 사회활동, 인지활동이 인지 건강 관리에 도움이 될 수 있습니다. 무리한 자가 판단보다는 꾸준한 관찰과 기본 생활관리부터 시작하는 것이 좋습니다.",예방,"치매예방,운동,수면,식사",manual
148,운동이 인지 건강에 도움이 되나요?,걷기와 같은 가벼운 유산소 운동은 전반적인 건강 유지와 인지 건강 관리에 긍정적인 영향을 줄 수 있습니다. 무리한 자가 판단보다는 꾸준한 관찰과 기본 생활관리부터 시작하는 것이 좋습니다.,운동,"운동,걷기,인지건강",manual
149,치매 예방에 좋은 음식이 있나요 관련해서 자세히 알려주세요?,"특정 음식 하나보다 채소, 생선, 견과류, 단백질, 수분을 포함한 균형 잡힌 식사가 더 중요합니다. 개인 상태에 따라 차이가 있을 수 있으므로 생활습관과 증상의 변화를 함께 살펴보는 것이 중요합니다.",식습관,"치매예방,음식,식습관",manual
150,부모님이 자주 잊어버리시는데 어떻게 대처해야 하나요?,"바로 단정하기보다 증상이 언제부터 얼마나 자주 나타나는지 기록하고, 일상생활의 변화가 있는지 함께 살펴보는 것이 좋습니다. 불안이 크다면 혼자 판단하기보다 전문적인 도움을 받는 편이 더 안전합니다.",가족대처,"부모님,기억력,대처",manual
151,부모님이 우울감과 기억력 저하는 관련이 있나요  궁금해요?,우울감과 스트레스는 기억력과 집중력에 영향을 줄 수 있어 정서 상태를 함께 살펴보는 것이 중요합니다. 불안이 크다면 혼자 판단하기보다 전문적인 도움을 받는 편이 더 안전합니다.,정서,"우울감,기억력,스트레스",manual
152,치매 관련해서 식습관도 인지 건강과 관련이 있나요 알려주세요?,균형 잡힌 식사와 규칙적인 식습관은 전반적인 건강 유지에 중요하며 인지 건강 관리에도 도움이 될 수 있습니다. 개인 상태에 따라 차이가 있을 수 있으므로 생활습관과 증상의 변화를 함께 살펴보는 것이 중요합니다.,식습관,"식습관,영양,인지건강",manual
153,인지활동에는 어떤 것이 있나요 실생활에서는 어떻게 대처하면 좋나요?,"독서, 퍼즐, 단어 연상, 숫자 기억하기, 새로운 취미 배우기 같은 활동이 인지 자극에 도움이 됩니다. 증상이 지속되거나 일상생활에 불편이 생기면 전문가 상담을 받아보는 것이 좋습니다.",인지활동,"독서,퍼즐,인지활동",manual
154,치매가 의심되면 어떻게 해야 하나요?,기억력 저하나 일상생활의 어려움이 지속되면 전문 의료기관 상담을 받아보는 것이 좋습니다. 무리한 자가 판단보다는 꾸준한 관찰과 기본 생활관리부터 시작하는 것이 좋습니다.,상담,"치매의심,상담,의료기관",manual
155,운동이 인지 건강에 도움이 되나요?,걷기와 같은 가벼운 유산소 운동은 전반적인 건강 유지와 인지 건강 관리에 긍정적인 영향을 줄 수 있습니다. 무리한 자가 판단보다는 꾸준한 관찰과 기본 생활관리부터 시작하는 것이 좋습니다.,운동,"운동,걷기,인지건강",manual
156,부모님이 자주 잊어버리시는데 어떻게 대처해야 하나요  어떻게 봐야 하나요?,"바로 단정하기보다 증상이 언제부터 얼마나 자주 나타나는지 기록하고, 일상생활의 변화가 있는지 함께 살펴보는 것이 좋습니다. 개인 상태에 따라 차이가 있을 수 있으므로 생활습관과 증상의 변화를 함께 살펴보는 것이 중요합니다.",가족대처,"부모님,기억력,대처",manual
157,치매 예방에 좋은 음식이 있나요 비슷한 경우에는 어떻게 해야 하나요?,"특정 음식 하나보다 채소, 생선, 견과류, 단백질, 수분을 포함한 균형 잡힌 식사가 더 중요합니다. 증상이 지속되거나 일상생활에 불편이 생기면 전문가 상담을 받아보는 것이 좋습니다.",식습관,"치매예방,음식,식습관",manual
158,부모님이 자주 잊어버리시는데 어떻게 대처해야 하나요?,"바로 단정하기보다 증상이 언제부터 얼마나 자주 나타나는지 기록하고, 일상생활의 변화가 있는지 함께 살펴보는 것이 좋습니다. 무리한 자가 판단보다는 꾸준한 관찰과 기본 생활관리부터 시작하는 것이 좋습니다.",가족대처,"부모님,기억력,대처",manual
159,부모님이 인지활동에는 어떤 것이 있나요 궁금해요?,"독서, 퍼즐, 단어 연상, 숫자 기억하기, 새로운 취미 배우기 같은 활동이 인지 자극에 도움이 됩니다. 무리한 자가 판단보다는 꾸준한 관찰과 기본 생활관리부터 시작하는 것이 좋습니다.",인지활동,"독서,퍼즐,인지활동",manual
160,치매 초기 증상은 무엇인가요 실생활에서는 어떻게 대처하면 좋나요?,치매 초기에는 최근 일을 잊거나 같은 질문을 반복하고 시간이나 장소를 혼동하는 증상이 나타날 수 있습니다. 개인 상태에 따라 차이가 있을 수 있으므로 생활습관과 증상의 변화를 함께 살펴보는 것이 중요합니다.,초기증상,"치매,초기증상,기억력",manual
161,인지활동에는 어떤 것이 있나요?,"독서, 퍼즐, 단어 연상, 숫자 기억하기, 새로운 취미 배우기 같은 활동이 인지 자극에 도움이 됩니다. 개인 상태에 따라 차이가 있을 수 있으므로 생활습관과 증상의 변화를 함께 살펴보는 것이 중요합니다.",인지활동,"독서,퍼즐,인지활동",manual
162,잠을 잘 못 자면 기억력에 영향이 있나요?,수면 부족은 집중력과 기억력 저하에 영향을 줄 수 있어 규칙적인 수면 습관이 중요합니다. 무리한 자가 판단보다는 꾸준한 관찰과 기본 생활관리부터 시작하는 것이 좋습니다.,수면,"수면,기억력,집중력",manual
163,치매 초기 증상은 무엇인가요 비슷한 경우에는 어떻게 해야 하나요?,치매 초기에는 최근 일을 잊거나 같은 질문을 반복하고 시간이나 장소를 혼동하는 증상이 나타날 수 있습니다. 무리한 자가 판단보다는 꾸준한 관찰과 기본 생활관리부터 시작하는 것이 좋습니다.,초기증상,"치매,초기증상,기억력",manual
164,요즘 운동이 인지 건강에 도움이 되나요 ?,걷기와 같은 가벼운 유산소 운동은 전반적인 건강 유지와 인지 건강 관리에 긍정적인 영향을 줄 수 있습니다. 불안이 크다면 혼자 판단하기보다 전문적인 도움을 받는 편이 더 안전합니다.,운동,"운동,걷기,인지건강",manual
165,인지활동에는 어떤 것이 있나요 실생활에서는 어떻게 대처하면 좋나요?,"독서, 퍼즐, 단어 연상, 숫자 기억하기, 새로운 취미 배우기 같은 활동이 인지 자극에 도움이 됩니다. 증상이 지속되거나 일상생활에 불편이 생기면 전문가 상담을 받아보는 것이 좋습니다.",인지활동,"독서,퍼즐,인지활동",manual
166,부모님이 자주 잊어버리시는데 어떻게 대처해야 하나요 비슷한 경우에는 어떻게 해야 하나요?,"바로 단정하기보다 증상이 언제부터 얼마나 자주 나타나는지 기록하고, 일상생활의 변화가 있는지 함께 살펴보는 것이 좋습니다. 무리한 자가 판단보다는 꾸준한 관찰과 기본 생활관리부터 시작하는 것이 좋습니다.",가족대처,"부모님,기억력,대처",manual
167,치매 관련해서 운동은 어떤 종류가 좋은가요  궁금해요?,"걷기, 가벼운 스트레칭, 무리가 적은 유산소 운동부터 시작하는 것이 좋습니다. 증상이 지속되거나 일상생활에 불편이 생기면 전문가 상담을 받아보는 것이 좋습니다.",운동,"운동종류,산책,스트레칭",manual
168,병원 상담은 언제 받아야 하나요?,"기억력 저하가 반복되거나 시간·장소 혼동, 일상생활의 어려움이 함께 나타나면 상담을 고려하는 것이 좋습니다. 증상이 지속되거나 일상생활에 불편이 생기면 전문가 상담을 받아보는 것이 좋습니다.",상담,"병원,상담,시점",manual
169,부모님이 병원 상담은 언제 받아야 하나요  쉽게 설명해줘요?,"기억력 저하가 반복되거나 시간·장소 혼동, 일상생활의 어려움이 함께 나타나면 상담을 고려하는 것이 좋습니다. 개인 상태에 따라 차이가 있을 수 있으므로 생활습관과 증상의 변화를 함께 살펴보는 것이 중요합니다.",상담,"병원,상담,시점",manual
170,잠을 잘 못 자면 기억력에 영향이 있나요 관련해서 자세히 알려주세요?,수면 부족은 집중력과 기억력 저하에 영향을 줄 수 있어 규칙적인 수면 습관이 중요합니다. 개인 상태에 따라 차이가 있을 수 있으므로 생활습관과 증상의 변화를 함께 살펴보는 것이 중요합니다.,수면,"수면,기억력,집중력",manual
171,식습관도 인지 건강과 관련이 있나요 주의할 점도 있나요?,균형 잡힌 식사와 규칙적인 식습관은 전반적인 건강 유지에 중요하며 인지 건강 관리에도 도움이 될 수 있습니다. 개인 상태에 따라 차이가 있을 수 있으므로 생활습관과 증상의 변화를 함께 살펴보는 것이 중요합니다.,식습관,"식습관,영양,인지건강",manual
172,치매 관련해서 가족이 도와줄 수 있는 방법은 무엇인가요  알려주세요?,"정기적인 대화, 일정 확인, 약 복용 점검, 감정적 지지처럼 일상 속 작은 도움부터 시작하는 것이 좋습니다. 불안이 크다면 혼자 판단하기보다 전문적인 도움을 받는 편이 더 안전합니다.",가족대처,"가족,돌봄,지원",manual
173,병원 상담은 언제 받아야 하나요 쉽게 설명해줘요?,"기억력 저하가 반복되거나 시간·장소 혼동, 일상생활의 어려움이 함께 나타나면 상담을 고려하는 것이 좋습니다. 증상이 지속되거나 일상생활에 불편이 생기면 전문가 상담을 받아보는 것이 좋습니다.",상담,"병원,상담,시점",manual
174,잠을 잘 못 자면 기억력에 영향이 있나요 실생활에서는 어떻게 대처하면 좋나요?,수면 부족은 집중력과 기억력 저하에 영향을 줄 수 있어 규칙적인 수면 습관이 중요합니다. 불안이 크다면 혼자 판단하기보다 전문적인 도움을 받는 편이 더 안전합니다.,수면,"수면,기억력,집중력",manual
175,가족이 도와줄 수 있는 방법은 무엇인가요 비슷한 경우에는 어떻게 해야 하나요?,"정기적인 대화, 일정 확인, 약 복용 점검, 감정적 지지처럼 일상 속 작은 도움부터 시작하는 것이 좋습니다. 개인 상태에 따라 차이가 있을 수 있으므로 생활습관과 증상의 변화를 함께 살펴보는 것이 중요합니다.",가족대처,"가족,돌봄,지원",manual
176,인지활동에는 어떤 것이 있나요  알려주세요?,"독서, 퍼즐, 단어 연상, 숫자 기억하기, 새로운 취미 배우기 같은 활동이 인지 자극에 도움이 됩니다. 증상이 지속되거나 일상생활에 불편이 생기면 전문가 상담을 받아보는 것이 좋습니다.",인지활동,"독서,퍼즐,인지활동",manual
177,식습관도 인지 건강과 관련이 있나요?,균형 잡힌 식사와 규칙적인 식습관은 전반적인 건강 유지에 중요하며 인지 건강 관리에도 도움이 될 수 있습니다. 개인 상태에 따라 차이가 있을 수 있으므로 생활습관과 증상의 변화를 함께 살펴보는 것이 중요합니다.,식습관,"식습관,영양,인지건강",manual
178,최근에 잠을 잘 못 자면 기억력에 영향이 있나요  어떻게 봐야 하나요?,수면 부족은 집중력과 기억력 저하에 영향을 줄 수 있어 규칙적인 수면 습관이 중요합니다. 불안이 크다면 혼자 판단하기보다 전문적인 도움을 받는 편이 더 안전합니다.,수면,"수면,기억력,집중력",manual
179,잠을 잘 못 자면 기억력에 영향이 있나요 관련해서 자세히 알려주세요?,수면 부족은 집중력과 기억력 저하에 영향을 줄 수 있어 규칙적인 수면 습관이 중요합니다. 개인 상태에 따라 차이가 있을 수 있으므로 생활습관과 증상의 변화를 함께 살펴보는 것이 중요합니다.,수면,"수면,기억력,집중력",manual
180,식습관도 인지 건강과 관련이 있나요 주의할 점도 있나요?,균형 잡힌 식사와 규칙적인 식습관은 전반적인 건강 유지에 중요하며 인지 건강 관리에도 도움이 될 수 있습니다. 불안이 크다면 혼자 판단하기보다 전문적인 도움을 받는 편이 더 안전합니다.,식습관,"식습관,영양,인지건강",manual
181,운동이 인지 건강에 도움이 되나요  궁금해요?,걷기와 같은 가벼운 유산소 운동은 전반적인 건강 유지와 인지 건강 관리에 긍정적인 영향을 줄 수 있습니다. 개인 상태에 따라 차이가 있을 수 있으므로 생활습관과 증상의 변화를 함께 살펴보는 것이 중요합니다.,운동,"운동,걷기,인지건강",manual
182,치매 관련해서 식습관도 인지 건강과 관련이 있나요  주의할 점도 있나요?,균형 잡힌 식사와 규칙적인 식습관은 전반적인 건강 유지에 중요하며 인지 건강 관리에도 도움이 될 수 있습니다. 무리한 자가 판단보다는 꾸준한 관찰과 기본 생활관리부터 시작하는 것이 좋습니다.,식습관,"식습관,영양,인지건강",manual
183,운동은 어떤 종류가 좋은가요 실생활에서는 어떻게 대처하면 좋나요?,"걷기, 가벼운 스트레칭, 무리가 적은 유산소 운동부터 시작하는 것이 좋습니다. 증상이 지속되거나 일상생활에 불편이 생기면 전문가 상담을 받아보는 것이 좋습니다.",운동,"운동종류,산책,스트레칭",manual
184,인지활동에는 어떤 것이 있나요 비슷한 경우에는 어떻게 해야 하나요?,"독서, 퍼즐, 단어 연상, 숫자 기억하기, 새로운 취미 배우기 같은 활동이 인지 자극에 도움이 됩니다. 개인 상태에 따라 차이가 있을 수 있으므로 생활습관과 증상의 변화를 함께 살펴보는 것이 중요합니다.",인지활동,"독서,퍼즐,인지활동",manual
185,부모님이 자주 잊어버리시는데 어떻게 대처해야 하나요 실생활에서는 어떻게 대처하면 좋나요?,"바로 단정하기보다 증상이 언제부터 얼마나 자주 나타나는지 기록하고, 일상생활의 변화가 있는지 함께 살펴보는 것이 좋습니다. 개인 상태에 따라 차이가 있을 수 있으므로 생활습관과 증상의 변화를 함께 살펴보는 것이 중요합니다.",가족대처,"부모님,기억력,대처",manual
186,운동이 인지 건강에 도움이 되나요 실생활에서는 어떻게 대처하면 좋나요?,걷기와 같은 가벼운 유산소 운동은 전반적인 건강 유지와 인지 건강 관리에 긍정적인 영향을 줄 수 있습니다. 증상이 지속되거나 일상생활에 불편이 생기면 전문가 상담을 받아보는 것이 좋습니다.,운동,"운동,걷기,인지건강",manual
187,치매 관련해서 인지활동에는 어떤 것이 있나요  알려주세요?,"독서, 퍼즐, 단어 연상, 숫자 기억하기, 새로운 취미 배우기 같은 활동이 인지 자극에 도움이 됩니다. 증상이 지속되거나 일상생활에 불편이 생기면 전문가 상담을 받아보는 것이 좋습니다.",인지활동,"독서,퍼즐,인지활동",manual
188,운동은 어떤 종류가 좋은가요 관련해서 자세히 알려주세요?,"걷기, 가벼운 스트레칭, 무리가 적은 유산소 운동부터 시작하는 것이 좋습니다. 무리한 자가 판단보다는 꾸준한 관찰과 기본 생활관리부터 시작하는 것이 좋습니다.",운동,"운동종류,산책,스트레칭",manual
189,운동은 어떤 종류가 좋은가요 관련해서 자세히 알려주세요?,"걷기, 가벼운 스트레칭, 무리가 적은 유산소 운동부터 시작하는 것이 좋습니다. 불안이 크다면 혼자 판단하기보다 전문적인 도움을 받는 편이 더 안전합니다.",운동,"운동종류,산책,스트레칭",manual
190,인지활동에는 어떤 것이 있나요 실생활에서는 어떻게 대처하면 좋나요?,"독서, 퍼즐, 단어 연상, 숫자 기억하기, 새로운 취미 배우기 같은 활동이 인지 자극에 도움이 됩니다. 개인 상태에 따라 차이가 있을 수 있으므로 생활습관과 증상의 변화를 함께 살펴보는 것이 중요합니다.",인지활동,"독서,퍼즐,인지활동",manual
191,기억력이 조금 나빠진 것 같으면 바로 치매인가요 관련해서 자세히 알려주세요?,"기억력 저하가 있다고 해서 모두 치매는 아니며 스트레스, 수면 부족, 우울감 같은 다양한 원인도 영향을 줄 수 있습니다. 개인 상태에 따라 차이가 있을 수 있으므로 생활습관과 증상의 변화를 함께 살펴보는 것이 중요합니다.",기억력,"기억력저하,스트레스,수면",manual
192,부모님이 자주 잊어버리시는데 어떻게 대처해야 하나요?,"바로 단정하기보다 증상이 언제부터 얼마나 자주 나타나는지 기록하고, 일상생활의 변화가 있는지 함께 살펴보는 것이 좋습니다. 개인 상태에 따라 차이가 있을 수 있으므로 생활습관과 증상의 변화를 함께 살펴보는 것이 중요합니다.",가족대처,"부모님,기억력,대처",manual
193,요즘 운동은 어떤 종류가 좋은가요  어떻게 봐야 하나요?,"걷기, 가벼운 스트레칭, 무리가 적은 유산소 운동부터 시작하는 것이 좋습니다. 증상이 지속되거나 일상생활에 불편이 생기면 전문가 상담을 받아보는 것이 좋습니다.",운동,"운동종류,산책,스트레칭",manual
194,부모님이 부모님이 자주 잊어버리시는데 어떻게 대처해야 하나요 궁금해요?,"바로 단정하기보다 증상이 언제부터 얼마나 자주 나타나는지 기록하고, 일상생활의 변화가 있는지 함께 살펴보는 것이 좋습니다. 무리한 자가 판단보다는 꾸준한 관찰과 기본 생활관리부터 시작하는 것이 좋습니다.",가족대처,"부모님,기억력,대처",manual
195,치매 관련해서 치매가 의심되면 어떻게 해야 하나요?,기억력 저하나 일상생활의 어려움이 지속되면 전문 의료기관 상담을 받아보는 것이 좋습니다. 무리한 자가 판단보다는 꾸준한 관찰과 기본 생활관리부터 시작하는 것이 좋습니다.,상담,"치매의심,상담,의료기관",manual
196,운동이 인지 건강에 도움이 되나요 실생활에서는 어떻게 대처하면 좋나요?,걷기와 같은 가벼운 유산소 운동은 전반적인 건강 유지와 인지 건강 관리에 긍정적인 영향을 줄 수 있습니다. 불안이 크다면 혼자 판단하기보다 전문적인 도움을 받는 편이 더 안전합니다.,운동,"운동,걷기,인지건강",manual
197,요즘 부모님이 자주 잊어버리시는데 어떻게 대처해야 하나요  알려주세요?,"바로 단정하기보다 증상이 언제부터 얼마나 자주 나타나는지 기록하고, 일상생활의 변화가 있는지 함께 살펴보는 것이 좋습니다. 증상이 지속되거나 일상생활에 불편이 생기면 전문가 상담을 받아보는 것이 좋습니다.",가족대처,"부모님,기억력,대처",manual
198,사회활동이 왜 중요한가요 관련해서 자세히 알려주세요?,사회적 교류는 정서적 안정과 인지 자극에 도움이 될 수 있어 꾸준한 소통이 중요합니다. 증상이 지속되거나 일상생활에 불편이 생기면 전문가 상담을 받아보는 것이 좋습니다.,사회활동,"사회활동,교류,정서",manual
199,가족이 도와줄 수 있는 방법은 무엇인가요 관련해서 자세히 알려주세요?,"정기적인 대화, 일정 확인, 약 복용 점검, 감정적 지지처럼 일상 속 작은 도움부터 시작하는 것이 좋습니다. 무리한 자가 판단보다는 꾸준한 관찰과 기본 생활관리부터 시작하는 것이 좋습니다.",가족대처,"가족,돌봄,지원",manual
200,운동은 어떤 종류가 좋은가요?,"걷기, 가벼운 스트레칭, 무리가 적은 유산소 운동부터 시작하는 것이 좋습니다. 불안이 크다면 혼자 판단하기보다 전문적인 도움을 받는 편이 더 안전합니다.",운동,"운동종류,산책,스트레칭",manual
201,치매가 의심되면 어떻게 해야 하나요?,기억력 저하나 일상생활의 어려움이 지속되면 전문 의료기관 상담을 받아보는 것이 좋습니다. 무리한 자가 판단보다는 꾸준한 관찰과 기본 생활관리부터 시작하는 것이 좋습니다.,상담,"치매의심,상담,의료기관",manual
202,치매가 의심되면 어떻게 해야 하나요 관련해서 자세히 알려주세요?,기억력 저하나 일상생활의 어려움이 지속되면 전문 의료기관 상담을 받아보는 것이 좋습니다. 불안이 크다면 혼자 판단하기보다 전문적인 도움을 받는 편이 더 안전합니다.,상담,"치매의심,상담,의료기관",manual
203,치매가 의심되면 어떻게 해야 하나요?,기억력 저하나 일상생활의 어려움이 지속되면 전문 의료기관 상담을 받아보는 것이 좋습니다. 무리한 자가 판단보다는 꾸준한 관찰과 기본 생활관리부터 시작하는 것이 좋습니다.,상담,"치매의심,상담,의료기관",manual
204,인지활동에는 어떤 것이 있나요 알려주세요?,"독서, 퍼즐, 단어 연상, 숫자 기억하기, 새로운 취미 배우기 같은 활동이 인지 자극에 도움이 됩니다. 무리한 자가 판단보다는 꾸준한 관찰과 기본 생활관리부터 시작하는 것이 좋습니다.",인지활동,"독서,퍼즐,인지활동",manual
205,최근에 치매를 예방하려면 어떻게 해야 하나요  쉽게 설명해줘요?,"규칙적인 운동, 충분한 수면, 균형 잡힌 식사, 사회활동, 인지활동이 인지 건강 관리에 도움이 될 수 있습니다. 불안이 크다면 혼자 판단하기보다 전문적인 도움을 받는 편이 더 안전합니다.",예방,"치매예방,운동,수면,식사",manual
206,혹시 우울감과 기억력 저하는 관련이 있나요  어떻게 봐야 하나요?,우울감과 스트레스는 기억력과 집중력에 영향을 줄 수 있어 정서 상태를 함께 살펴보는 것이 중요합니다. 불안이 크다면 혼자 판단하기보다 전문적인 도움을 받는 편이 더 안전합니다.,정서,"우울감,기억력,스트레스",manual
207,치매 초기 증상은 무엇인가요?,치매 초기에는 최근 일을 잊거나 같은 질문을 반복하고 시간이나 장소를 혼동하는 증상이 나타날 수 있습니다. 개인 상태에 따라 차이가 있을 수 있으므로 생활습관과 증상의 변화를 함께 살펴보는 것이 중요합니다.,초기증상,"치매,초기증상,기억력",manual
208,인지활동에는 어떤 것이 있나요 실생활에서는 어떻게 대처하면 좋나요?,"독서, 퍼즐, 단어 연상, 숫자 기억하기, 새로운 취미 배우기 같은 활동이 인지 자극에 도움이 됩니다. 증상이 지속되거나 일상생활에 불편이 생기면 전문가 상담을 받아보는 것이 좋습니다.",인지활동,"독서,퍼즐,인지활동",manual
209,잠을 잘 못 자면 기억력에 영향이 있나요 비슷한 경우에는 어떻게 해야 하나요?,수면 부족은 집중력과 기억력 저하에 영향을 줄 수 있어 규칙적인 수면 습관이 중요합니다. 무리한 자가 판단보다는 꾸준한 관찰과 기본 생활관리부터 시작하는 것이 좋습니다.,수면,"수면,기억력,집중력",manual
210,우울감과 기억력 저하는 관련이 있나요?,우울감과 스트레스는 기억력과 집중력에 영향을 줄 수 있어 정서 상태를 함께 살펴보는 것이 중요합니다. 개인 상태에 따라 차이가 있을 수 있으므로 생활습관과 증상의 변화를 함께 살펴보는 것이 중요합니다.,정서,"우울감,기억력,스트레스",manual
211,치매 관련해서 치매가 의심되면 어떻게 해야 하나요 ?,기억력 저하나 일상생활의 어려움이 지속되면 전문 의료기관 상담을 받아보는 것이 좋습니다. 개인 상태에 따라 차이가 있을 수 있으므로 생활습관과 증상의 변화를 함께 살펴보는 것이 중요합니다.,상담,"치매의심,상담,의료기관",manual
212,병원 상담은 언제 받아야 하나요 비슷한 경우에는 어떻게 해야 하나요?,"기억력 저하가 반복되거나 시간·장소 혼동, 일상생활의 어려움이 함께 나타나면 상담을 고려하는 것이 좋습니다. 개인 상태에 따라 차이가 있을 수 있으므로 생활습관과 증상의 변화를 함께 살펴보는 것이 중요합니다.",상담,"병원,상담,시점",manual
213,인지활동에는 어떤 것이 있나요 비슷한 경우에는 어떻게 해야 하나요?,"독서, 퍼즐, 단어 연상, 숫자 기억하기, 새로운 취미 배우기 같은 활동이 인지 자극에 도움이 됩니다. 무리한 자가 판단보다는 꾸준한 관찰과 기본 생활관리부터 시작하는 것이 좋습니다.",인지활동,"독서,퍼즐,인지활동",manual
214,요즘 인지활동에는 어떤 것이 있나요  알려주세요?,"독서, 퍼즐, 단어 연상, 숫자 기억하기, 새로운 취미 배우기 같은 활동이 인지 자극에 도움이 됩니다. 개인 상태에 따라 차이가 있을 수 있으므로 생활습관과 증상의 변화를 함께 살펴보는 것이 중요합니다.",인지활동,"독서,퍼즐,인지활동",manual
215,기억력이 조금 나빠진 것 같으면 바로 치매인가요  쉽게 설명해줘요?,"기억력 저하가 있다고 해서 모두 치매는 아니며 스트레스, 수면 부족, 우울감 같은 다양한 원인도 영향을 줄 수 있습니다. 개인 상태에 따라 차이가 있을 수 있으므로 생활습관과 증상의 변화를 함께 살펴보는 것이 중요합니다.",기억력,"기억력저하,스트레스,수면",manual
216,치매 관련해서 치매 초기 증상은 무엇인가요?,치매 초기에는 최근 일을 잊거나 같은 질문을 반복하고 시간이나 장소를 혼동하는 증상이 나타날 수 있습니다. 무리한 자가 판단보다는 꾸준한 관찰과 기본 생활관리부터 시작하는 것이 좋습니다.,초기증상,"치매,초기증상,기억력",manual
217,치매 초기 증상은 무엇인가요 비슷한 경우에는 어떻게 해야 하나요?,치매 초기에는 최근 일을 잊거나 같은 질문을 반복하고 시간이나 장소를 혼동하는 증상이 나타날 수 있습니다. 무리한 자가 판단보다는 꾸준한 관찰과 기본 생활관리부터 시작하는 것이 좋습니다.,초기증상,"치매,초기증상,기억력",manual
218,치매가 의심되면 어떻게 해야 하나요?,기억력 저하나 일상생활의 어려움이 지속되면 전문 의료기관 상담을 받아보는 것이 좋습니다. 무리한 자가 판단보다는 꾸준한 관찰과 기본 생활관리부터 시작하는 것이 좋습니다.,상담,"치매의심,상담,의료기관",manual
219,치매 예방에 좋은 음식이 있나요 관련해서 자세히 알려주세요?,"특정 음식 하나보다 채소, 생선, 견과류, 단백질, 수분을 포함한 균형 잡힌 식사가 더 중요합니다. 불안이 크다면 혼자 판단하기보다 전문적인 도움을 받는 편이 더 안전합니다.",식습관,"치매예방,음식,식습관",manual
220,가족이 도와줄 수 있는 방법은 무엇인가요 실생활에서는 어떻게 대처하면 좋나요?,"정기적인 대화, 일정 확인, 약 복용 점검, 감정적 지지처럼 일상 속 작은 도움부터 시작하는 것이 좋습니다. 불안이 크다면 혼자 판단하기보다 전문적인 도움을 받는 편이 더 안전합니다.",가족대처,"가족,돌봄,지원",manual
221,부모님이 치매 초기 증상은 무엇인가요  어떻게 봐야 하나요?,치매 초기에는 최근 일을 잊거나 같은 질문을 반복하고 시간이나 장소를 혼동하는 증상이 나타날 수 있습니다. 증상이 지속되거나 일상생활에 불편이 생기면 전문가 상담을 받아보는 것이 좋습니다.,초기증상,"치매,초기증상,기억력",manual
222,잠을 잘 못 자면 기억력에 영향이 있나요?,수면 부족은 집중력과 기억력 저하에 영향을 줄 수 있어 규칙적인 수면 습관이 중요합니다. 무리한 자가 판단보다는 꾸준한 관찰과 기본 생활관리부터 시작하는 것이 좋습니다.,수면,"수면,기억력,집중력",manual
223,우울감과 기억력 저하는 관련이 있나요?,우울감과 스트레스는 기억력과 집중력에 영향을 줄 수 있어 정서 상태를 함께 살펴보는 것이 중요합니다. 불안이 크다면 혼자 판단하기보다 전문적인 도움을 받는 편이 더 안전합니다.,정서,"우울감,기억력,스트레스",manual
224,사회활동이 왜 중요한가요 관련해서 자세히 알려주세요?,사회적 교류는 정서적 안정과 인지 자극에 도움이 될 수 있어 꾸준한 소통이 중요합니다. 무리한 자가 판단보다는 꾸준한 관찰과 기본 생활관리부터 시작하는 것이 좋습니다.,사회활동,"사회활동,교류,정서",manual
225,치매 초기 증상은 무엇인가요 실생활에서는 어떻게 대처하면 좋나요?,치매 초기에는 최근 일을 잊거나 같은 질문을 반복하고 시간이나 장소를 혼동하는 증상이 나타날 수 있습니다. 개인 상태에 따라 차이가 있을 수 있으므로 생활습관과 증상의 변화를 함께 살펴보는 것이 중요합니다.,초기증상,"치매,초기증상,기억력",manual
226,인지활동에는 어떤 것이 있나요 실생활에서는 어떻게 대처하면 좋나요?,"독서, 퍼즐, 단어 연상, 숫자 기억하기, 새로운 취미 배우기 같은 활동이 인지 자극에 도움이 됩니다. 불안이 크다면 혼자 판단하기보다 전문적인 도움을 받는 편이 더 안전합니다.",인지활동,"독서,퍼즐,인지활동",manual
227,부모님이 가족이 도와줄 수 있는 방법은 무엇인가요  어떻게 봐야 하나요?,"정기적인 대화, 일정 확인, 약 복용 점검, 감정적 지지처럼 일상 속 작은 도움부터 시작하는 것이 좋습니다. 불안이 크다면 혼자 판단하기보다 전문적인 도움을 받는 편이 더 안전합니다.",가족대처,"가족,돌봄,지원",manual
228,잠을 잘 못 자면 기억력에 영향이 있나요 관련해서 자세히 알려주세요?,수면 부족은 집중력과 기억력 저하에 영향을 줄 수 있어 규칙적인 수면 습관이 중요합니다. 불안이 크다면 혼자 판단하기보다 전문적인 도움을 받는 편이 더 안전합니다.,수면,"수면,기억력,집중력",manual
229,부모님이 우울감과 기억력 저하는 관련이 있나요  어떻게 봐야 하나요?,우울감과 스트레스는 기억력과 집중력에 영향을 줄 수 있어 정서 상태를 함께 살펴보는 것이 중요합니다. 불안이 크다면 혼자 판단하기보다 전문적인 도움을 받는 편이 더 안전합니다.,정서,"우울감,기억력,스트레스",manual
230,요즘 치매 예방에 좋은 음식이 있나요  궁금해요?,"특정 음식 하나보다 채소, 생선, 견과류, 단백질, 수분을 포함한 균형 잡힌 식사가 더 중요합니다. 개인 상태에 따라 차이가 있을 수 있으므로 생활습관과 증상의 변화를 함께 살펴보는 것이 중요합니다.",식습관,"치매예방,음식,식습관",manual
231,혹시 식습관도 인지 건강과 관련이 있나요  궁금해요?,균형 잡힌 식사와 규칙적인 식습관은 전반적인 건강 유지에 중요하며 인지 건강 관리에도 도움이 될 수 있습니다. 개인 상태에 따라 차이가 있을 수 있으므로 생활습관과 증상의 변화를 함께 살펴보는 것이 중요합니다.,식습관,"식습관,영양,인지건강",manual
232,잠을 잘 못 자면 기억력에 영향이 있나요?,수면 부족은 집중력과 기억력 저하에 영향을 줄 수 있어 규칙적인 수면 습관이 중요합니다. 증상이 지속되거나 일상생활에 불편이 생기면 전문가 상담을 받아보는 것이 좋습니다.,수면,"수면,기억력,집중력",manual
233,사회활동이 왜 중요한가요  주의할 점도 있나요?,사회적 교류는 정서적 안정과 인지 자극에 도움이 될 수 있어 꾸준한 소통이 중요합니다. 증상이 지속되거나 일상생활에 불편이 생기면 전문가 상담을 받아보는 것이 좋습니다.,사회활동,"사회활동,교류,정서",manual
234,병원 상담은 언제 받아야 하나요 관련해서 자세히 알려주세요?,"기억력 저하가 반복되거나 시간·장소 혼동, 일상생활의 어려움이 함께 나타나면 상담을 고려하는 것이 좋습니다. 증상이 지속되거나 일상생활에 불편이 생기면 전문가 상담을 받아보는 것이 좋습니다.",상담,"병원,상담,시점",manual
235,치매 초기 증상은 무엇인가요 비슷한 경우에는 어떻게 해야 하나요?,치매 초기에는 최근 일을 잊거나 같은 질문을 반복하고 시간이나 장소를 혼동하는 증상이 나타날 수 있습니다. 불안이 크다면 혼자 판단하기보다 전문적인 도움을 받는 편이 더 안전합니다.,초기증상,"치매,초기증상,기억력",manual
236,요즘 운동은 어떤 종류가 좋은가요  궁금해요?,"걷기, 가벼운 스트레칭, 무리가 적은 유산소 운동부터 시작하는 것이 좋습니다. 불안이 크다면 혼자 판단하기보다 전문적인 도움을 받는 편이 더 안전합니다.",운동,"운동종류,산책,스트레칭",manual
237,부모님이 자주 잊어버리시는데 어떻게 대처해야 하나요 비슷한 경우에는 어떻게 해야 하나요?,"바로 단정하기보다 증상이 언제부터 얼마나 자주 나타나는지 기록하고, 일상생활의 변화가 있는지 함께 살펴보는 것이 좋습니다. 무리한 자가 판단보다는 꾸준한 관찰과 기본 생활관리부터 시작하는 것이 좋습니다.",가족대처,"부모님,기억력,대처",manual
238,병원 상담은 언제 받아야 하나요 비슷한 경우에는 어떻게 해야 하나요?,"기억력 저하가 반복되거나 시간·장소 혼동, 일상생활의 어려움이 함께 나타나면 상담을 고려하는 것이 좋습니다. 불안이 크다면 혼자 판단하기보다 전문적인 도움을 받는 편이 더 안전합니다.",상담,"병원,상담,시점",manual
239,운동이 인지 건강에 도움이 되나요?,걷기와 같은 가벼운 유산소 운동은 전반적인 건강 유지와 인지 건강 관리에 긍정적인 영향을 줄 수 있습니다. 불안이 크다면 혼자 판단하기보다 전문적인 도움을 받는 편이 더 안전합니다.,운동,"운동,걷기,인지건강",manual
240,최근에 가족이 도와줄 수 있는 방법은 무엇인가요 ?,"정기적인 대화, 일정 확인, 약 복용 점검, 감정적 지지처럼 일상 속 작은 도움부터 시작하는 것이 좋습니다. 증상이 지속되거나 일상생활에 불편이 생기면 전문가 상담을 받아보는 것이 좋습니다.",가족대처,"가족,돌봄,지원",manual
241,병원 상담은 언제 받아야 하나요 관련해서 자세히 알려주세요?,"기억력 저하가 반복되거나 시간·장소 혼동, 일상생활의 어려움이 함께 나타나면 상담을 고려하는 것이 좋습니다. 무리한 자가 판단보다는 꾸준한 관찰과 기본 생활관리부터 시작하는 것이 좋습니다.",상담,"병원,상담,시점",manual
242,사회활동이 왜 중요한가요  알려주세요?,사회적 교류는 정서적 안정과 인지 자극에 도움이 될 수 있어 꾸준한 소통이 중요합니다. 무리한 자가 판단보다는 꾸준한 관찰과 기본 생활관리부터 시작하는 것이 좋습니다.,사회활동,"사회활동,교류,정서",manual
243,잠을 잘 못 자면 기억력에 영향이 있나요 실생활에서는 어떻게 대처하면 좋나요?,수면 부족은 집중력과 기억력 저하에 영향을 줄 수 있어 규칙적인 수면 습관이 중요합니다. 증상이 지속되거나 일상생활에 불편이 생기면 전문가 상담을 받아보는 것이 좋습니다.,수면,"수면,기억력,집중력",manual
244,치매 예방에 좋은 음식이 있나요 관련해서 자세히 알려주세요?,"특정 음식 하나보다 채소, 생선, 견과류, 단백질, 수분을 포함한 균형 잡힌 식사가 더 중요합니다. 무리한 자가 판단보다는 꾸준한 관찰과 기본 생활관리부터 시작하는 것이 좋습니다.",식습관,"치매예방,음식,식습관",manual
245,치매 관련해서 가족이 도와줄 수 있는 방법은 무엇인가요 궁금해요?,"정기적인 대화, 일정 확인, 약 복용 점검, 감정적 지지처럼 일상 속 작은 도움부터 시작하는 것이 좋습니다. 불안이 크다면 혼자 판단하기보다 전문적인 도움을 받는 편이 더 안전합니다.",가족대처,"가족,돌봄,지원",manual
246,최근에 운동이 인지 건강에 도움이 되나요  어떻게 봐야 하나요?,걷기와 같은 가벼운 유산소 운동은 전반적인 건강 유지와 인지 건강 관리에 긍정적인 영향을 줄 수 있습니다. 증상이 지속되거나 일상생활에 불편이 생기면 전문가 상담을 받아보는 것이 좋습니다.,운동,"운동,걷기,인지건강",manual
247,운동이 인지 건강에 도움이 되나요 관련해서 자세히 알려주세요?,걷기와 같은 가벼운 유산소 운동은 전반적인 건강 유지와 인지 건강 관리에 긍정적인 영향을 줄 수 있습니다. 불안이 크다면 혼자 판단하기보다 전문적인 도움을 받는 편이 더 안전합니다.,운동,"운동,걷기,인지건강",manual
248,치매가 의심되면 어떻게 해야 하나요 비슷한 경우에는 어떻게 해야 하나요?,기억력 저하나 일상생활의 어려움이 지속되면 전문 의료기관 상담을 받아보는 것이 좋습니다. 개인 상태에 따라 차이가 있을 수 있으므로 생활습관과 증상의 변화를 함께 살펴보는 것이 중요합니다.,상담,"치매의심,상담,의료기관",manual
249,최근에 운동이 인지 건강에 도움이 되나요 어떻게 봐야 하나요?,걷기와 같은 가벼운 유산소 운동은 전반적인 건강 유지와 인지 건강 관리에 긍정적인 영향을 줄 수 있습니다. 개인 상태에 따라 차이가 있을 수 있으므로 생활습관과 증상의 변화를 함께 살펴보는 것이 중요합니다.,운동,"운동,걷기,인지건강",manual
250,혹시 치매를 예방하려면 어떻게 해야 하나요?,"규칙적인 운동, 충분한 수면, 균형 잡힌 식사, 사회활동, 인지활동이 인지 건강 관리에 도움이 될 수 있습니다. 증상이 지속되거나 일상생활에 불편이 생기면 전문가 상담을 받아보는 것이 좋습니다.",예방,"치매예방,운동,수면,식사",manual
251,부모님이 사회활동이 왜 중요한가요?,사회적 교류는 정서적 안정과 인지 자극에 도움이 될 수 있어 꾸준한 소통이 중요합니다. 개인 상태에 따라 차이가 있을 수 있으므로 생활습관과 증상의 변화를 함께 살펴보는 것이 중요합니다.,사회활동,"사회활동,교류,정서",manual
252,치매 초기 증상은 무엇인가요?,치매 초기에는 최근 일을 잊거나 같은 질문을 반복하고 시간이나 장소를 혼동하는 증상이 나타날 수 있습니다. 불안이 크다면 혼자 판단하기보다 전문적인 도움을 받는 편이 더 안전합니다.,초기증상,"치매,초기증상,기억력",manual
253,부모님이 잠을 잘 못 자면 기억력에 영향이 있나요?,수면 부족은 집중력과 기억력 저하에 영향을 줄 수 있어 규칙적인 수면 습관이 중요합니다. 증상이 지속되거나 일상생활에 불편이 생기면 전문가 상담을 받아보는 것이 좋습니다.,수면,"수면,기억력,집중력",manual
254,잠을 잘 못 자면 기억력에 영향이 있나요 비슷한 경우에는 어떻게 해야 하나요?,수면 부족은 집중력과 기억력 저하에 영향을 줄 수 있어 규칙적인 수면 습관이 중요합니다. 무리한 자가 판단보다는 꾸준한 관찰과 기본 생활관리부터 시작하는 것이 좋습니다.,수면,"수면,기억력,집중력",manual
255,가족이 도와줄 수 있는 방법은 무엇인가요 비슷한 경우에는 어떻게 해야 하나요?,"정기적인 대화, 일정 확인, 약 복용 점검, 감정적 지지처럼 일상 속 작은 도움부터 시작하는 것이 좋습니다. 무리한 자가 판단보다는 꾸준한 관찰과 기본 생활관리부터 시작하는 것이 좋습니다.",가족대처,"가족,돌봄,지원",manual
256,치매 관련해서 잠을 잘 못 자면 기억력에 영향이 있나요 어떻게 봐야 하나요?,수면 부족은 집중력과 기억력 저하에 영향을 줄 수 있어 규칙적인 수면 습관이 중요합니다. 개인 상태에 따라 차이가 있을 수 있으므로 생활습관과 증상의 변화를 함께 살펴보는 것이 중요합니다.,수면,"수면,기억력,집중력",manual
257,혹시 잠을 잘 못 자면 기억력에 영향이 있나요 쉽게 설명해줘요?,수면 부족은 집중력과 기억력 저하에 영향을 줄 수 있어 규칙적인 수면 습관이 중요합니다. 개인 상태에 따라 차이가 있을 수 있으므로 생활습관과 증상의 변화를 함께 살펴보는 것이 중요합니다.,수면,"수면,기억력,집중력",manual
258,혹시 치매가 의심되면 어떻게 해야 하나요  주의할 점도 있나요?,기억력 저하나 일상생활의 어려움이 지속되면 전문 의료기관 상담을 받아보는 것이 좋습니다. 증상이 지속되거나 일상생활에 불편이 생기면 전문가 상담을 받아보는 것이 좋습니다.,상담,"치매의심,상담,의료기관",manual
259,치매 초기 증상은 무엇인가요 관련해서 자세히 알려주세요?,치매 초기에는 최근 일을 잊거나 같은 질문을 반복하고 시간이나 장소를 혼동하는 증상이 나타날 수 있습니다. 불안이 크다면 혼자 판단하기보다 전문적인 도움을 받는 편이 더 안전합니다.,초기증상,"치매,초기증상,기억력",manual
260,사회활동이 왜 중요한가요 비슷한 경우에는 어떻게 해야 하나요?,사회적 교류는 정서적 안정과 인지 자극에 도움이 될 수 있어 꾸준한 소통이 중요합니다. 개인 상태에 따라 차이가 있을 수 있으므로 생활습관과 증상의 변화를 함께 살펴보는 것이 중요합니다.,사회활동,"사회활동,교류,정서",manual
261,치매 관련해서 인지활동에는 어떤 것이 있나요  쉽게 설명해줘요?,"독서, 퍼즐, 단어 연상, 숫자 기억하기, 새로운 취미 배우기 같은 활동이 인지 자극에 도움이 됩니다. 불안이 크다면 혼자 판단하기보다 전문적인 도움을 받는 편이 더 안전합니다.",인지활동,"독서,퍼즐,인지활동",manual
262,기억력이 조금 나빠진 것 같으면 바로 치매인가요?,"기억력 저하가 있다고 해서 모두 치매는 아니며 스트레스, 수면 부족, 우울감 같은 다양한 원인도 영향을 줄 수 있습니다. 개인 상태에 따라 차이가 있을 수 있으므로 생활습관과 증상의 변화를 함께 살펴보는 것이 중요합니다.",기억력,"기억력저하,스트레스,수면",manual
263,부모님이 사회활동이 왜 중요한가요  쉽게 설명해줘요?,사회적 교류는 정서적 안정과 인지 자극에 도움이 될 수 있어 꾸준한 소통이 중요합니다. 불안이 크다면 혼자 판단하기보다 전문적인 도움을 받는 편이 더 안전합니다.,사회활동,"사회활동,교류,정서",manual
264,잠을 잘 못 자면 기억력에 영향이 있나요 관련해서 자세히 알려주세요?,수면 부족은 집중력과 기억력 저하에 영향을 줄 수 있어 규칙적인 수면 습관이 중요합니다. 불안이 크다면 혼자 판단하기보다 전문적인 도움을 받는 편이 더 안전합니다.,수면,"수면,기억력,집중력",manual
265,요즘 인지활동에는 어떤 것이 있나요  주의할 점도 있나요?,"독서, 퍼즐, 단어 연상, 숫자 기억하기, 새로운 취미 배우기 같은 활동이 인지 자극에 도움이 됩니다. 개인 상태에 따라 차이가 있을 수 있으므로 생활습관과 증상의 변화를 함께 살펴보는 것이 중요합니다.",인지활동,"독서,퍼즐,인지활동",manual
266,혹시 치매를 예방하려면 어떻게 해야 하나요 ?,"규칙적인 운동, 충분한 수면, 균형 잡힌 식사, 사회활동, 인지활동이 인지 건강 관리에 도움이 될 수 있습니다. 무리한 자가 판단보다는 꾸준한 관찰과 기본 생활관리부터 시작하는 것이 좋습니다.",예방,"치매예방,운동,수면,식사",manual
267,가족이 도와줄 수 있는 방법은 무엇인가요 실생활에서는 어떻게 대처하면 좋나요?,"정기적인 대화, 일정 확인, 약 복용 점검, 감정적 지지처럼 일상 속 작은 도움부터 시작하는 것이 좋습니다. 개인 상태에 따라 차이가 있을 수 있으므로 생활습관과 증상의 변화를 함께 살펴보는 것이 중요합니다.",가족대처,"가족,돌봄,지원",manual
268,기억력이 조금 나빠진 것 같으면 바로 치매인가요 관련해서 자세히 알려주세요?,"기억력 저하가 있다고 해서 모두 치매는 아니며 스트레스, 수면 부족, 우울감 같은 다양한 원인도 영향을 줄 수 있습니다. 무리한 자가 판단보다는 꾸준한 관찰과 기본 생활관리부터 시작하는 것이 좋습니다.",기억력,"기억력저하,스트레스,수면",manual
269,기억력이 조금 나빠진 것 같으면 바로 치매인가요?,"기억력 저하가 있다고 해서 모두 치매는 아니며 스트레스, 수면 부족, 우울감 같은 다양한 원인도 영향을 줄 수 있습니다. 증상이 지속되거나 일상생활에 불편이 생기면 전문가 상담을 받아보는 것이 좋습니다.",기억력,"기억력저하,스트레스,수면",manual
270,치매 관련해서 운동은 어떤 종류가 좋은가요 알려주세요?,"걷기, 가벼운 스트레칭, 무리가 적은 유산소 운동부터 시작하는 것이 좋습니다. 개인 상태에 따라 차이가 있을 수 있으므로 생활습관과 증상의 변화를 함께 살펴보는 것이 중요합니다.",운동,"운동종류,산책,스트레칭",manual
271,치매 관련해서 운동은 어떤 종류가 좋은가요  알려주세요?,"걷기, 가벼운 스트레칭, 무리가 적은 유산소 운동부터 시작하는 것이 좋습니다. 무리한 자가 판단보다는 꾸준한 관찰과 기본 생활관리부터 시작하는 것이 좋습니다.",운동,"운동종류,산책,스트레칭",manual
272,치매를 예방하려면 어떻게 해야 하나요 비슷한 경우에는 어떻게 해야 하나요?,"규칙적인 운동, 충분한 수면, 균형 잡힌 식사, 사회활동, 인지활동이 인지 건강 관리에 도움이 될 수 있습니다. 개인 상태에 따라 차이가 있을 수 있으므로 생활습관과 증상의 변화를 함께 살펴보는 것이 중요합니다.",예방,"치매예방,운동,수면,식사",manual
273,치매가 의심되면 어떻게 해야 하나요 비슷한 경우에는 어떻게 해야 하나요?,기억력 저하나 일상생활의 어려움이 지속되면 전문 의료기관 상담을 받아보는 것이 좋습니다. 불안이 크다면 혼자 판단하기보다 전문적인 도움을 받는 편이 더 안전합니다.,상담,"치매의심,상담,의료기관",manual
274,운동은 어떤 종류가 좋은가요 비슷한 경우에는 어떻게 해야 하나요?,"걷기, 가벼운 스트레칭, 무리가 적은 유산소 운동부터 시작하는 것이 좋습니다. 개인 상태에 따라 차이가 있을 수 있으므로 생활습관과 증상의 변화를 함께 살펴보는 것이 중요합니다.",운동,"운동종류,산책,스트레칭",manual
275,혹시 식습관도 인지 건강과 관련이 있나요  주의할 점도 있나요?,균형 잡힌 식사와 규칙적인 식습관은 전반적인 건강 유지에 중요하며 인지 건강 관리에도 도움이 될 수 있습니다. 불안이 크다면 혼자 판단하기보다 전문적인 도움을 받는 편이 더 안전합니다.,식습관,"식습관,영양,인지건강",manual
276,최근에 가족이 도와줄 수 있는 방법은 무엇인가요  궁금해요?,"정기적인 대화, 일정 확인, 약 복용 점검, 감정적 지지처럼 일상 속 작은 도움부터 시작하는 것이 좋습니다. 증상이 지속되거나 일상생활에 불편이 생기면 전문가 상담을 받아보는 것이 좋습니다.",가족대처,"가족,돌봄,지원",manual
277,최근에 기억력이 조금 나빠진 것 같으면 바로 치매인가요 궁금해요?,"기억력 저하가 있다고 해서 모두 치매는 아니며 스트레스, 수면 부족, 우울감 같은 다양한 원인도 영향을 줄 수 있습니다. 불안이 크다면 혼자 판단하기보다 전문적인 도움을 받는 편이 더 안전합니다.",기억력,"기억력저하,스트레스,수면",manual
278,부모님이 자주 잊어버리시는데 어떻게 대처해야 하나요 실생활에서는 어떻게 대처하면 좋나요?,"바로 단정하기보다 증상이 언제부터 얼마나 자주 나타나는지 기록하고, 일상생활의 변화가 있는지 함께 살펴보는 것이 좋습니다. 개인 상태에 따라 차이가 있을 수 있으므로 생활습관과 증상의 변화를 함께 살펴보는 것이 중요합니다.",가족대처,"부모님,기억력,대처",manual
279,부모님이 인지활동에는 어떤 것이 있나요  알려주세요?,"독서, 퍼즐, 단어 연상, 숫자 기억하기, 새로운 취미 배우기 같은 활동이 인지 자극에 도움이 됩니다. 증상이 지속되거나 일상생활에 불편이 생기면 전문가 상담을 받아보는 것이 좋습니다.",인지활동,"독서,퍼즐,인지활동",manual
280,우울감과 기억력 저하는 관련이 있나요?,우울감과 스트레스는 기억력과 집중력에 영향을 줄 수 있어 정서 상태를 함께 살펴보는 것이 중요합니다. 증상이 지속되거나 일상생활에 불편이 생기면 전문가 상담을 받아보는 것이 좋습니다.,정서,"우울감,기억력,스트레스",manual
281,치매 관련해서 부모님이 자주 잊어버리시는데 어떻게 대처해야 하나요 어떻게 봐야 하나요?,"바로 단정하기보다 증상이 언제부터 얼마나 자주 나타나는지 기록하고, 일상생활의 변화가 있는지 함께 살펴보는 것이 좋습니다. 증상이 지속되거나 일상생활에 불편이 생기면 전문가 상담을 받아보는 것이 좋습니다.",가족대처,"부모님,기억력,대처",manual
282,혹시 우울감과 기억력 저하는 관련이 있나요 쉽게 설명해줘요?,우울감과 스트레스는 기억력과 집중력에 영향을 줄 수 있어 정서 상태를 함께 살펴보는 것이 중요합니다. 무리한 자가 판단보다는 꾸준한 관찰과 기본 생활관리부터 시작하는 것이 좋습니다.,정서,"우울감,기억력,스트레스",manual
283,치매가 의심되면 어떻게 해야 하나요?,기억력 저하나 일상생활의 어려움이 지속되면 전문 의료기관 상담을 받아보는 것이 좋습니다. 증상이 지속되거나 일상생활에 불편이 생기면 전문가 상담을 받아보는 것이 좋습니다.,상담,"치매의심,상담,의료기관",manual
284,운동이 인지 건강에 도움이 되나요 쉽게 설명해줘요?,걷기와 같은 가벼운 유산소 운동은 전반적인 건강 유지와 인지 건강 관리에 긍정적인 영향을 줄 수 있습니다. 불안이 크다면 혼자 판단하기보다 전문적인 도움을 받는 편이 더 안전합니다.,운동,"운동,걷기,인지건강",manual
285,치매가 의심되면 어떻게 해야 하나요 비슷한 경우에는 어떻게 해야 하나요?,기억력 저하나 일상생활의 어려움이 지속되면 전문 의료기관 상담을 받아보는 것이 좋습니다. 증상이 지속되거나 일상생활에 불편이 생기면 전문가 상담을 받아보는 것이 좋습니다.,상담,"치매의심,상담,의료기관",manual
286,기억력이 조금 나빠진 것 같으면 바로 치매인가요?,"기억력 저하가 있다고 해서 모두 치매는 아니며 스트레스, 수면 부족, 우울감 같은 다양한 원인도 영향을 줄 수 있습니다. 불안이 크다면 혼자 판단하기보다 전문적인 도움을 받는 편이 더 안전합니다.",기억력,"기억력저하,스트레스,수면",manual
287,식습관도 인지 건강과 관련이 있나요 관련해서 자세히 알려주세요?,균형 잡힌 식사와 규칙적인 식습관은 전반적인 건강 유지에 중요하며 인지 건강 관리에도 도움이 될 수 있습니다. 개인 상태에 따라 차이가 있을 수 있으므로 생활습관과 증상의 변화를 함께 살펴보는 것이 중요합니다.,식습관,"식습관,영양,인지건강",manual
288,치매를 예방하려면 어떻게 해야 하나요 비슷한 경우에는 어떻게 해야 하나요?,"규칙적인 운동, 충분한 수면, 균형 잡힌 식사, 사회활동, 인지활동이 인지 건강 관리에 도움이 될 수 있습니다. 불안이 크다면 혼자 판단하기보다 전문적인 도움을 받는 편이 더 안전합니다.",예방,"치매예방,운동,수면,식사",manual
289,가족이 도와줄 수 있는 방법은 무엇인가요 비슷한 경우에는 어떻게 해야 하나요?,"정기적인 대화, 일정 확인, 약 복용 점검, 감정적 지지처럼 일상 속 작은 도움부터 시작하는 것이 좋습니다. 개인 상태에 따라 차이가 있을 수 있으므로 생활습관과 증상의 변화를 함께 살펴보는 것이 중요합니다.",가족대처,"가족,돌봄,지원",manual
290,우울감과 기억력 저하는 관련이 있나요 실생활에서는 어떻게 대처하면 좋나요?,우울감과 스트레스는 기억력과 집중력에 영향을 줄 수 있어 정서 상태를 함께 살펴보는 것이 중요합니다. 증상이 지속되거나 일상생활에 불편이 생기면 전문가 상담을 받아보는 것이 좋습니다.,정서,"우울감,기억력,스트레스",manual
291,치매를 예방하려면 어떻게 해야 하나요 비슷한 경우에는 어떻게 해야 하나요?,"규칙적인 운동, 충분한 수면, 균형 잡힌 식사, 사회활동, 인지활동이 인지 건강 관리에 도움이 될 수 있습니다. 증상이 지속되거나 일상생활에 불편이 생기면 전문가 상담을 받아보는 것이 좋습니다.",예방,"치매예방,운동,수면,식사",manual
292,운동이 인지 건강에 도움이 되나요?,걷기와 같은 가벼운 유산소 운동은 전반적인 건강 유지와 인지 건강 관리에 긍정적인 영향을 줄 수 있습니다. 증상이 지속되거나 일상생활에 불편이 생기면 전문가 상담을 받아보는 것이 좋습니다.,운동,"운동,걷기,인지건강",manual
293,기억력이 조금 나빠진 것 같으면 바로 치매인가요 관련해서 자세히 알려주세요?,"기억력 저하가 있다고 해서 모두 치매는 아니며 스트레스, 수면 부족, 우울감 같은 다양한 원인도 영향을 줄 수 있습니다. 개인 상태에 따라 차이가 있을 수 있으므로 생활습관과 증상의 변화를 함께 살펴보는 것이 중요합니다.",기억력,"기억력저하,스트레스,수면",manual
294,병원 상담은 언제 받아야 하나요 비슷한 경우에는 어떻게 해야 하나요?,"기억력 저하가 반복되거나 시간·장소 혼동, 일상생활의 어려움이 함께 나타나면 상담을 고려하는 것이 좋습니다. 무리한 자가 판단보다는 꾸준한 관찰과 기본 생활관리부터 시작하는 것이 좋습니다.",상담,"병원,상담,시점",manual
295,병원 상담은 언제 받아야 하나요 관련해서 자세히 알려주세요?,"기억력 저하가 반복되거나 시간·장소 혼동, 일상생활의 어려움이 함께 나타나면 상담을 고려하는 것이 좋습니다. 불안이 크다면 혼자 판단하기보다 전문적인 도움을 받는 편이 더 안전합니다.",상담,"병원,상담,시점",manual
296,인지활동에는 어떤 것이 있나요 비슷한 경우에는 어떻게 해야 하나요?,"독서, 퍼즐, 단어 연상, 숫자 기억하기, 새로운 취미 배우기 같은 활동이 인지 자극에 도움이 됩니다. 무리한 자가 판단보다는 꾸준한 관찰과 기본 생활관리부터 시작하는 것이 좋습니다.",인지활동,"독서,퍼즐,인지활동",manual
297,치매 예방에 좋은 음식이 있나요 관련해서 자세히 알려주세요?,"특정 음식 하나보다 채소, 생선, 견과류, 단백질, 수분을 포함한 균형 잡힌 식사가 더 중요합니다. 불안이 크다면 혼자 판단하기보다 전문적인 도움을 받는 편이 더 안전합니다.",식습관,"치매예방,음식,식습관",manual
298,인지활동에는 어떤 것이 있나요?,"독서, 퍼즐, 단어 연상, 숫자 기억하기, 새로운 취미 배우기 같은 활동이 인지 자극에 도움이 됩니다. 증상이 지속되거나 일상생활에 불편이 생기면 전문가 상담을 받아보는 것이 좋습니다.",인지활동,"독서,퍼즐,인지활동",manual
299,최근에 치매 예방에 좋은 음식이 있나요 쉽게 설명해줘요?,"특정 음식 하나보다 채소, 생선, 견과류, 단백질, 수분을 포함한 균형 잡힌 식사가 더 중요합니다. 증상이 지속되거나 일상생활에 불편이 생기면 전문가 상담을 받아보는 것이 좋습니다.",식습관,"치매예방,음식,식습관",manual
300,혹시 치매를 예방하려면 어떻게 해야 하나요  쉽게 설명해줘요?,"규칙적인 운동, 충분한 수면, 균형 잡힌 식사, 사회활동, 인지활동이 인지 건강 관리에 도움이 될 수 있습니다. 증상이 지속되거나 일상생활에 불편이 생기면 전문가 상담을 받아보는 것이 좋습니다.",예방,"치매예방,운동,수면,식사",manual
301,운동은 어떤 종류가 좋은가요 관련해서 자세히 알려주세요?,"걷기, 가벼운 스트레칭, 무리가 적은 유산소 운동부터 시작하는 것이 좋습니다. 개인 상태에 따라 차이가 있을 수 있으므로 생활습관과 증상의 변화를 함께 살펴보는 것이 중요합니다.",운동,"운동종류,산책,스트레칭",manual
302,혹시 운동이 인지 건강에 도움이 되나요 어떻게 봐야 하나요?,걷기와 같은 가벼운 유산소 운동은 전반적인 건강 유지와 인지 건강 관리에 긍정적인 영향을 줄 수 있습니다. 증상이 지속되거나 일상생활에 불편이 생기면 전문가 상담을 받아보는 것이 좋습니다.,운동,"운동,걷기,인지건강",manual
303,부모님이 자주 잊어버리시는데 어떻게 대처해야 하나요?,"바로 단정하기보다 증상이 언제부터 얼마나 자주 나타나는지 기록하고, 일상생활의 변화가 있는지 함께 살펴보는 것이 좋습니다. 개인 상태에 따라 차이가 있을 수 있으므로 생활습관과 증상의 변화를 함께 살펴보는 것이 중요합니다.",가족대처,"부모님,기억력,대처",manual
304,치매가 의심되면 어떻게 해야 하나요 비슷한 경우에는 어떻게 해야 하나요?,기억력 저하나 일상생활의 어려움이 지속되면 전문 의료기관 상담을 받아보는 것이 좋습니다. 증상이 지속되거나 일상생활에 불편이 생기면 전문가 상담을 받아보는 것이 좋습니다.,상담,"치매의심,상담,의료기관",manual
305,치매가 의심되면 어떻게 해야 하나요?,기억력 저하나 일상생활의 어려움이 지속되면 전문 의료기관 상담을 받아보는 것이 좋습니다. 개인 상태에 따라 차이가 있을 수 있으므로 생활습관과 증상의 변화를 함께 살펴보는 것이 중요합니다.,상담,"치매의심,상담,의료기관",manual
306,식습관도 인지 건강과 관련이 있나요 관련해서 자세히 알려주세요?,균형 잡힌 식사와 규칙적인 식습관은 전반적인 건강 유지에 중요하며 인지 건강 관리에도 도움이 될 수 있습니다. 개인 상태에 따라 차이가 있을 수 있으므로 생활습관과 증상의 변화를 함께 살펴보는 것이 중요합니다.,식습관,"식습관,영양,인지건강",manual
307,운동은 어떤 종류가 좋은가요 비슷한 경우에는 어떻게 해야 하나요?,"걷기, 가벼운 스트레칭, 무리가 적은 유산소 운동부터 시작하는 것이 좋습니다. 증상이 지속되거나 일상생활에 불편이 생기면 전문가 상담을 받아보는 것이 좋습니다.",운동,"운동종류,산책,스트레칭",manual
308,최근에 치매를 예방하려면 어떻게 해야 하나요 알려주세요?,"규칙적인 운동, 충분한 수면, 균형 잡힌 식사, 사회활동, 인지활동이 인지 건강 관리에 도움이 될 수 있습니다. 개인 상태에 따라 차이가 있을 수 있으므로 생활습관과 증상의 변화를 함께 살펴보는 것이 중요합니다.",예방,"치매예방,운동,수면,식사",manual
309,부모님이 자주 잊어버리시는데 어떻게 대처해야 하나요 비슷한 경우에는 어떻게 해야 하나요?,"바로 단정하기보다 증상이 언제부터 얼마나 자주 나타나는지 기록하고, 일상생활의 변화가 있는지 함께 살펴보는 것이 좋습니다. 무리한 자가 판단보다는 꾸준한 관찰과 기본 생활관리부터 시작하는 것이 좋습니다.",가족대처,"부모님,기억력,대처",manual
310,치매를 예방하려면 어떻게 해야 하나요?,"규칙적인 운동, 충분한 수면, 균형 잡힌 식사, 사회활동, 인지활동이 인지 건강 관리에 도움이 될 수 있습니다. 개인 상태에 따라 차이가 있을 수 있으므로 생활습관과 증상의 변화를 함께 살펴보는 것이 중요합니다.",예방,"치매예방,운동,수면,식사",manual
311,최근에 식습관도 인지 건강과 관련이 있나요  알려주세요?,균형 잡힌 식사와 규칙적인 식습관은 전반적인 건강 유지에 중요하며 인지 건강 관리에도 도움이 될 수 있습니다. 증상이 지속되거나 일상생활에 불편이 생기면 전문가 상담을 받아보는 것이 좋습니다.,식습관,"식습관,영양,인지건강",manual
312,병원 상담은 언제 받아야 하나요 ?,"기억력 저하가 반복되거나 시간·장소 혼동, 일상생활의 어려움이 함께 나타나면 상담을 고려하는 것이 좋습니다. 불안이 크다면 혼자 판단하기보다 전문적인 도움을 받는 편이 더 안전합니다.",상담,"병원,상담,시점",manual
313,최근에 우울감과 기억력 저하는 관련이 있나요  주의할 점도 있나요?,우울감과 스트레스는 기억력과 집중력에 영향을 줄 수 있어 정서 상태를 함께 살펴보는 것이 중요합니다. 무리한 자가 판단보다는 꾸준한 관찰과 기본 생활관리부터 시작하는 것이 좋습니다.,정서,"우울감,기억력,스트레스",manual
314,치매 초기 증상은 무엇인가요 실생활에서는 어떻게 대처하면 좋나요?,치매 초기에는 최근 일을 잊거나 같은 질문을 반복하고 시간이나 장소를 혼동하는 증상이 나타날 수 있습니다. 무리한 자가 판단보다는 꾸준한 관찰과 기본 생활관리부터 시작하는 것이 좋습니다.,초기증상,"치매,초기증상,기억력",manual
315,혹시 식습관도 인지 건강과 관련이 있나요 ?,균형 잡힌 식사와 규칙적인 식습관은 전반적인 건강 유지에 중요하며 인지 건강 관리에도 도움이 될 수 있습니다. 무리한 자가 판단보다는 꾸준한 관찰과 기본 생활관리부터 시작하는 것이 좋습니다.,식습관,"식습관,영양,인지건강",manual
316,우울감과 기억력 저하는 관련이 있나요?,우울감과 스트레스는 기억력과 집중력에 영향을 줄 수 있어 정서 상태를 함께 살펴보는 것이 중요합니다. 무리한 자가 판단보다는 꾸준한 관찰과 기본 생활관리부터 시작하는 것이 좋습니다.,정서,"우울감,기억력,스트레스",manual
317,혹시 치매 예방에 좋은 음식이 있나요 주의할 점도 있나요?,"특정 음식 하나보다 채소, 생선, 견과류, 단백질, 수분을 포함한 균형 잡힌 식사가 더 중요합니다. 무리한 자가 판단보다는 꾸준한 관찰과 기본 생활관리부터 시작하는 것이 좋습니다.",식습관,"치매예방,음식,식습관",manual
318,치매 관련해서 치매 예방에 좋은 음식이 있나요 주의할 점도 있나요?,"특정 음식 하나보다 채소, 생선, 견과류, 단백질, 수분을 포함한 균형 잡힌 식사가 더 중요합니다. 증상이 지속되거나 일상생활에 불편이 생기면 전문가 상담을 받아보는 것이 좋습니다.",식습관,"치매예방,음식,식습관",manual
319,치매 예방에 좋은 음식이 있나요 실생활에서는 어떻게 대처하면 좋나요?,"특정 음식 하나보다 채소, 생선, 견과류, 단백질, 수분을 포함한 균형 잡힌 식사가 더 중요합니다. 개인 상태에 따라 차이가 있을 수 있으므로 생활습관과 증상의 변화를 함께 살펴보는 것이 중요합니다.",식습관,"치매예방,음식,식습관",manual
320,치매 관련해서 인지활동에는 어떤 것이 있나요 주의할 점도 있나요?,"독서, 퍼즐, 단어 연상, 숫자 기억하기, 새로운 취미 배우기 같은 활동이 인지 자극에 도움이 됩니다. 무리한 자가 판단보다는 꾸준한 관찰과 기본 생활관리부터 시작하는 것이 좋습니다.",인지활동,"독서,퍼즐,인지활동",manual
321,기억력이 조금 나빠진 것 같으면 바로 치매인가요 비슷한 경우에는 어떻게 해야 하나요?,"기억력 저하가 있다고 해서 모두 치매는 아니며 스트레스, 수면 부족, 우울감 같은 다양한 원인도 영향을 줄 수 있습니다. 증상이 지속되거나 일상생활에 불편이 생기면 전문가 상담을 받아보는 것이 좋습니다.",기억력,"기억력저하,스트레스,수면",manual
322,운동이 인지 건강에 도움이 되나요?,걷기와 같은 가벼운 유산소 운동은 전반적인 건강 유지와 인지 건강 관리에 긍정적인 영향을 줄 수 있습니다. 증상이 지속되거나 일상생활에 불편이 생기면 전문가 상담을 받아보는 것이 좋습니다.,운동,"운동,걷기,인지건강",manual
323,부모님이 운동은 어떤 종류가 좋은가요  주의할 점도 있나요?,"걷기, 가벼운 스트레칭, 무리가 적은 유산소 운동부터 시작하는 것이 좋습니다. 개인 상태에 따라 차이가 있을 수 있으므로 생활습관과 증상의 변화를 함께 살펴보는 것이 중요합니다.",운동,"운동종류,산책,스트레칭",manual
324,운동이 인지 건강에 도움이 되나요 실생활에서는 어떻게 대처하면 좋나요?,걷기와 같은 가벼운 유산소 운동은 전반적인 건강 유지와 인지 건강 관리에 긍정적인 영향을 줄 수 있습니다. 불안이 크다면 혼자 판단하기보다 전문적인 도움을 받는 편이 더 안전합니다.,운동,"운동,걷기,인지건강",manual
325,치매 예방에 좋은 음식이 있나요 비슷한 경우에는 어떻게 해야 하나요?,"특정 음식 하나보다 채소, 생선, 견과류, 단백질, 수분을 포함한 균형 잡힌 식사가 더 중요합니다. 증상이 지속되거나 일상생활에 불편이 생기면 전문가 상담을 받아보는 것이 좋습니다.",식습관,"치매예방,음식,식습관",manual
326,우울감과 기억력 저하는 관련이 있나요 실생활에서는 어떻게 대처하면 좋나요?,우울감과 스트레스는 기억력과 집중력에 영향을 줄 수 있어 정서 상태를 함께 살펴보는 것이 중요합니다. 개인 상태에 따라 차이가 있을 수 있으므로 생활습관과 증상의 변화를 함께 살펴보는 것이 중요합니다.,정서,"우울감,기억력,스트레스",manual
327,운동은 어떤 종류가 좋은가요 관련해서 자세히 알려주세요?,"걷기, 가벼운 스트레칭, 무리가 적은 유산소 운동부터 시작하는 것이 좋습니다. 무리한 자가 판단보다는 꾸준한 관찰과 기본 생활관리부터 시작하는 것이 좋습니다.",운동,"운동종류,산책,스트레칭",manual
328,부모님이 병원 상담은 언제 받아야 하나요?,"기억력 저하가 반복되거나 시간·장소 혼동, 일상생활의 어려움이 함께 나타나면 상담을 고려하는 것이 좋습니다. 불안이 크다면 혼자 판단하기보다 전문적인 도움을 받는 편이 더 안전합니다.",상담,"병원,상담,시점",manual
329,치매가 의심되면 어떻게 해야 하나요  쉽게 설명해줘요?,기억력 저하나 일상생활의 어려움이 지속되면 전문 의료기관 상담을 받아보는 것이 좋습니다. 무리한 자가 판단보다는 꾸준한 관찰과 기본 생활관리부터 시작하는 것이 좋습니다.,상담,"치매의심,상담,의료기관",manual
330,가족이 도와줄 수 있는 방법은 무엇인가요 실생활에서는 어떻게 대처하면 좋나요?,"정기적인 대화, 일정 확인, 약 복용 점검, 감정적 지지처럼 일상 속 작은 도움부터 시작하는 것이 좋습니다. 불안이 크다면 혼자 판단하기보다 전문적인 도움을 받는 편이 더 안전합니다.",가족대처,"가족,돌봄,지원",manual
331,운동이 인지 건강에 도움이 되나요?,걷기와 같은 가벼운 유산소 운동은 전반적인 건강 유지와 인지 건강 관리에 긍정적인 영향을 줄 수 있습니다. 개인 상태에 따라 차이가 있을 수 있으므로 생활습관과 증상의 변화를 함께 살펴보는 것이 중요합니다.,운동,"운동,걷기,인지건강",manual
332,요즘 치매 예방에 좋은 음식이 있나요  알려주세요?,"특정 음식 하나보다 채소, 생선, 견과류, 단백질, 수분을 포함한 균형 잡힌 식사가 더 중요합니다. 무리한 자가 판단보다는 꾸준한 관찰과 기본 생활관리부터 시작하는 것이 좋습니다.",식습관,"치매예방,음식,식습관",manual
333,치매가 의심되면 어떻게 해야 하나요 비슷한 경우에는 어떻게 해야 하나요?,기억력 저하나 일상생활의 어려움이 지속되면 전문 의료기관 상담을 받아보는 것이 좋습니다. 증상이 지속되거나 일상생활에 불편이 생기면 전문가 상담을 받아보는 것이 좋습니다.,상담,"치매의심,상담,의료기관",manual
334,최근에 부모님이 자주 잊어버리시는데 어떻게 대처해야 하나요 주의할 점도 있나요?,"바로 단정하기보다 증상이 언제부터 얼마나 자주 나타나는지 기록하고, 일상생활의 변화가 있는지 함께 살펴보는 것이 좋습니다. 증상이 지속되거나 일상생활에 불편이 생기면 전문가 상담을 받아보는 것이 좋습니다.",가족대처,"부모님,기억력,대처",manual
335,치매가 의심되면 어떻게 해야 하나요  주의할 점도 있나요?,기억력 저하나 일상생활의 어려움이 지속되면 전문 의료기관 상담을 받아보는 것이 좋습니다. 개인 상태에 따라 차이가 있을 수 있으므로 생활습관과 증상의 변화를 함께 살펴보는 것이 중요합니다.,상담,"치매의심,상담,의료기관",manual
336,혹시 치매가 의심되면 어떻게 해야 하나요  알려주세요?,기억력 저하나 일상생활의 어려움이 지속되면 전문 의료기관 상담을 받아보는 것이 좋습니다. 무리한 자가 판단보다는 꾸준한 관찰과 기본 생활관리부터 시작하는 것이 좋습니다.,상담,"치매의심,상담,의료기관",manual
337,가족이 도와줄 수 있는 방법은 무엇인가요 실생활에서는 어떻게 대처하면 좋나요?,"정기적인 대화, 일정 확인, 약 복용 점검, 감정적 지지처럼 일상 속 작은 도움부터 시작하는 것이 좋습니다. 불안이 크다면 혼자 판단하기보다 전문적인 도움을 받는 편이 더 안전합니다.",가족대처,"가족,돌봄,지원",manual
338,부모님이 인지활동에는 어떤 것이 있나요  궁금해요?,"독서, 퍼즐, 단어 연상, 숫자 기억하기, 새로운 취미 배우기 같은 활동이 인지 자극에 도움이 됩니다. 증상이 지속되거나 일상생활에 불편이 생기면 전문가 상담을 받아보는 것이 좋습니다.",인지활동,"독서,퍼즐,인지활동",manual
339,사회활동이 왜 중요한가요 비슷한 경우에는 어떻게 해야 하나요?,사회적 교류는 정서적 안정과 인지 자극에 도움이 될 수 있어 꾸준한 소통이 중요합니다. 개인 상태에 따라 차이가 있을 수 있으므로 생활습관과 증상의 변화를 함께 살펴보는 것이 중요합니다.,사회활동,"사회활동,교류,정서",manual
340,치매 초기 증상은 무엇인가요 관련해서 자세히 알려주세요?,치매 초기에는 최근 일을 잊거나 같은 질문을 반복하고 시간이나 장소를 혼동하는 증상이 나타날 수 있습니다. 무리한 자가 판단보다는 꾸준한 관찰과 기본 생활관리부터 시작하는 것이 좋습니다.,초기증상,"치매,초기증상,기억력",manual
341,인지활동에는 어떤 것이 있나요 비슷한 경우에는 어떻게 해야 하나요?,"독서, 퍼즐, 단어 연상, 숫자 기억하기, 새로운 취미 배우기 같은 활동이 인지 자극에 도움이 됩니다. 무리한 자가 판단보다는 꾸준한 관찰과 기본 생활관리부터 시작하는 것이 좋습니다.",인지활동,"독서,퍼즐,인지활동",manual
342,부모님이 우울감과 기억력 저하는 관련이 있나요 알려주세요?,우울감과 스트레스는 기억력과 집중력에 영향을 줄 수 있어 정서 상태를 함께 살펴보는 것이 중요합니다. 증상이 지속되거나 일상생활에 불편이 생기면 전문가 상담을 받아보는 것이 좋습니다.,정서,"우울감,기억력,스트레스",manual
343,요즘 치매 예방에 좋은 음식이 있나요?,"특정 음식 하나보다 채소, 생선, 견과류, 단백질, 수분을 포함한 균형 잡힌 식사가 더 중요합니다. 무리한 자가 판단보다는 꾸준한 관찰과 기본 생활관리부터 시작하는 것이 좋습니다.",식습관,"치매예방,음식,식습관",manual
344,사회활동이 왜 중요한가요 관련해서 자세히 알려주세요?,사회적 교류는 정서적 안정과 인지 자극에 도움이 될 수 있어 꾸준한 소통이 중요합니다. 불안이 크다면 혼자 판단하기보다 전문적인 도움을 받는 편이 더 안전합니다.,사회활동,"사회활동,교류,정서",manual
345,가족이 도와줄 수 있는 방법은 무엇인가요 비슷한 경우에는 어떻게 해야 하나요?,"정기적인 대화, 일정 확인, 약 복용 점검, 감정적 지지처럼 일상 속 작은 도움부터 시작하는 것이 좋습니다. 무리한 자가 판단보다는 꾸준한 관찰과 기본 생활관리부터 시작하는 것이 좋습니다.",가족대처,"가족,돌봄,지원",manual
346,최근에 사회활동이 왜 중요한가요  쉽게 설명해줘요?,사회적 교류는 정서적 안정과 인지 자극에 도움이 될 수 있어 꾸준한 소통이 중요합니다. 개인 상태에 따라 차이가 있을 수 있으므로 생활습관과 증상의 변화를 함께 살펴보는 것이 중요합니다.,사회활동,"사회활동,교류,정서",manual
347,사회활동이 왜 중요한가요 관련해서 자세히 알려주세요?,사회적 교류는 정서적 안정과 인지 자극에 도움이 될 수 있어 꾸준한 소통이 중요합니다. 개인 상태에 따라 차이가 있을 수 있으므로 생활습관과 증상의 변화를 함께 살펴보는 것이 중요합니다.,사회활동,"사회활동,교류,정서",manual
348,운동은 어떤 종류가 좋은가요 실생활에서는 어떻게 대처하면 좋나요?,"걷기, 가벼운 스트레칭, 무리가 적은 유산소 운동부터 시작하는 것이 좋습니다. 무리한 자가 판단보다는 꾸준한 관찰과 기본 생활관리부터 시작하는 것이 좋습니다.",운동,"운동종류,산책,스트레칭",manual
349,운동은 어떤 종류가 좋은가요?,"걷기, 가벼운 스트레칭, 무리가 적은 유산소 운동부터 시작하는 것이 좋습니다. 무리한 자가 판단보다는 꾸준한 관찰과 기본 생활관리부터 시작하는 것이 좋습니다.",운동,"운동종류,산책,스트레칭",manual
350,인지활동에는 어떤 것이 있나요 비슷한 경우에는 어떻게 해야 하나요?,"독서, 퍼즐, 단어 연상, 숫자 기억하기, 새로운 취미 배우기 같은 활동이 인지 자극에 도움이 됩니다. 무리한 자가 판단보다는 꾸준한 관찰과 기본 생활관리부터 시작하는 것이 좋습니다.",인지활동,"독서,퍼즐,인지활동",manual
351,기억력이 조금 나빠진 것 같으면 바로 치매인가요 실생활에서는 어떻게 대처하면 좋나요?,"기억력 저하가 있다고 해서 모두 치매는 아니며 스트레스, 수면 부족, 우울감 같은 다양한 원인도 영향을 줄 수 있습니다. 증상이 지속되거나 일상생활에 불편이 생기면 전문가 상담을 받아보는 것이 좋습니다.",기억력,"기억력저하,스트레스,수면",manual
352,혹시 인지활동에는 어떤 것이 있나요 주의할 점도 있나요?,"독서, 퍼즐, 단어 연상, 숫자 기억하기, 새로운 취미 배우기 같은 활동이 인지 자극에 도움이 됩니다. 개인 상태에 따라 차이가 있을 수 있으므로 생활습관과 증상의 변화를 함께 살펴보는 것이 중요합니다.",인지활동,"독서,퍼즐,인지활동",manual
353,잠을 잘 못 자면 기억력에 영향이 있나요?,수면 부족은 집중력과 기억력 저하에 영향을 줄 수 있어 규칙적인 수면 습관이 중요합니다. 무리한 자가 판단보다는 꾸준한 관찰과 기본 생활관리부터 시작하는 것이 좋습니다.,수면,"수면,기억력,집중력",manual
354,최근에 치매를 예방하려면 어떻게 해야 하나요  주의할 점도 있나요?,"규칙적인 운동, 충분한 수면, 균형 잡힌 식사, 사회활동, 인지활동이 인지 건강 관리에 도움이 될 수 있습니다. 무리한 자가 판단보다는 꾸준한 관찰과 기본 생활관리부터 시작하는 것이 좋습니다.",예방,"치매예방,운동,수면,식사",manual
355,부모님이 치매가 의심되면 어떻게 해야 하나요  알려주세요?,기억력 저하나 일상생활의 어려움이 지속되면 전문 의료기관 상담을 받아보는 것이 좋습니다. 무리한 자가 판단보다는 꾸준한 관찰과 기본 생활관리부터 시작하는 것이 좋습니다.,상담,"치매의심,상담,의료기관",manual
356,요즘 운동이 인지 건강에 도움이 되나요 궁금해요?,걷기와 같은 가벼운 유산소 운동은 전반적인 건강 유지와 인지 건강 관리에 긍정적인 영향을 줄 수 있습니다. 불안이 크다면 혼자 판단하기보다 전문적인 도움을 받는 편이 더 안전합니다.,운동,"운동,걷기,인지건강",manual
357,치매 관련해서 잠을 잘 못 자면 기억력에 영향이 있나요 궁금해요?,수면 부족은 집중력과 기억력 저하에 영향을 줄 수 있어 규칙적인 수면 습관이 중요합니다. 개인 상태에 따라 차이가 있을 수 있으므로 생활습관과 증상의 변화를 함께 살펴보는 것이 중요합니다.,수면,"수면,기억력,집중력",manual
358,우울감과 기억력 저하는 관련이 있나요 실생활에서는 어떻게 대처하면 좋나요?,우울감과 스트레스는 기억력과 집중력에 영향을 줄 수 있어 정서 상태를 함께 살펴보는 것이 중요합니다. 불안이 크다면 혼자 판단하기보다 전문적인 도움을 받는 편이 더 안전합니다.,정서,"우울감,기억력,스트레스",manual
359,최근에 치매 초기 증상은 무엇인가요 쉽게 설명해줘요?,치매 초기에는 최근 일을 잊거나 같은 질문을 반복하고 시간이나 장소를 혼동하는 증상이 나타날 수 있습니다. 개인 상태에 따라 차이가 있을 수 있으므로 생활습관과 증상의 변화를 함께 살펴보는 것이 중요합니다.,초기증상,"치매,초기증상,기억력",manual
360,가족이 도와줄 수 있는 방법은 무엇인가요 관련해서 자세히 알려주세요?,"정기적인 대화, 일정 확인, 약 복용 점검, 감정적 지지처럼 일상 속 작은 도움부터 시작하는 것이 좋습니다. 무리한 자가 판단보다는 꾸준한 관찰과 기본 생활관리부터 시작하는 것이 좋습니다.",가족대처,"가족,돌봄,지원",manual
361,병원 상담은 언제 받아야 하나요?,"기억력 저하가 반복되거나 시간·장소 혼동, 일상생활의 어려움이 함께 나타나면 상담을 고려하는 것이 좋습니다. 무리한 자가 판단보다는 꾸준한 관찰과 기본 생활관리부터 시작하는 것이 좋습니다.",상담,"병원,상담,시점",manual
362,운동은 어떤 종류가 좋은가요 관련해서 자세히 알려주세요?,"걷기, 가벼운 스트레칭, 무리가 적은 유산소 운동부터 시작하는 것이 좋습니다. 불안이 크다면 혼자 판단하기보다 전문적인 도움을 받는 편이 더 안전합니다.",운동,"운동종류,산책,스트레칭",manual
363,병원 상담은 언제 받아야 하나요 관련해서 자세히 알려주세요?,"기억력 저하가 반복되거나 시간·장소 혼동, 일상생활의 어려움이 함께 나타나면 상담을 고려하는 것이 좋습니다. 개인 상태에 따라 차이가 있을 수 있으므로 생활습관과 증상의 변화를 함께 살펴보는 것이 중요합니다.",상담,"병원,상담,시점",manual
364,치매 예방에 좋은 음식이 있나요 관련해서 자세히 알려주세요?,"특정 음식 하나보다 채소, 생선, 견과류, 단백질, 수분을 포함한 균형 잡힌 식사가 더 중요합니다. 증상이 지속되거나 일상생활에 불편이 생기면 전문가 상담을 받아보는 것이 좋습니다.",식습관,"치매예방,음식,식습관",manual
365,치매가 의심되면 어떻게 해야 하나요 비슷한 경우에는 어떻게 해야 하나요?,기억력 저하나 일상생활의 어려움이 지속되면 전문 의료기관 상담을 받아보는 것이 좋습니다. 무리한 자가 판단보다는 꾸준한 관찰과 기본 생활관리부터 시작하는 것이 좋습니다.,상담,"치매의심,상담,의료기관",manual
366,운동은 어떤 종류가 좋은가요?,"걷기, 가벼운 스트레칭, 무리가 적은 유산소 운동부터 시작하는 것이 좋습니다. 불안이 크다면 혼자 판단하기보다 전문적인 도움을 받는 편이 더 안전합니다.",운동,"운동종류,산책,스트레칭",manual
367,잠을 잘 못 자면 기억력에 영향이 있나요  주의할 점도 있나요?,수면 부족은 집중력과 기억력 저하에 영향을 줄 수 있어 규칙적인 수면 습관이 중요합니다. 무리한 자가 판단보다는 꾸준한 관찰과 기본 생활관리부터 시작하는 것이 좋습니다.,수면,"수면,기억력,집중력",manual
368,치매 초기 증상은 무엇인가요  궁금해요?,치매 초기에는 최근 일을 잊거나 같은 질문을 반복하고 시간이나 장소를 혼동하는 증상이 나타날 수 있습니다. 증상이 지속되거나 일상생활에 불편이 생기면 전문가 상담을 받아보는 것이 좋습니다.,초기증상,"치매,초기증상,기억력",manual
369,기억력이 조금 나빠진 것 같으면 바로 치매인가요?,"기억력 저하가 있다고 해서 모두 치매는 아니며 스트레스, 수면 부족, 우울감 같은 다양한 원인도 영향을 줄 수 있습니다. 증상이 지속되거나 일상생활에 불편이 생기면 전문가 상담을 받아보는 것이 좋습니다.",기억력,"기억력저하,스트레스,수면",manual
370,식습관도 인지 건강과 관련이 있나요 관련해서 자세히 알려주세요?,균형 잡힌 식사와 규칙적인 식습관은 전반적인 건강 유지에 중요하며 인지 건강 관리에도 도움이 될 수 있습니다. 증상이 지속되거나 일상생활에 불편이 생기면 전문가 상담을 받아보는 것이 좋습니다.,식습관,"식습관,영양,인지건강",manual
371,혹시 치매가 의심되면 어떻게 해야 하나요 궁금해요?,기억력 저하나 일상생활의 어려움이 지속되면 전문 의료기관 상담을 받아보는 것이 좋습니다. 개인 상태에 따라 차이가 있을 수 있으므로 생활습관과 증상의 변화를 함께 살펴보는 것이 중요합니다.,상담,"치매의심,상담,의료기관",manual
372,인지활동에는 어떤 것이 있나요 비슷한 경우에는 어떻게 해야 하나요?,"독서, 퍼즐, 단어 연상, 숫자 기억하기, 새로운 취미 배우기 같은 활동이 인지 자극에 도움이 됩니다. 증상이 지속되거나 일상생활에 불편이 생기면 전문가 상담을 받아보는 것이 좋습니다.",인지활동,"독서,퍼즐,인지활동",manual
373,부모님이 우울감과 기억력 저하는 관련이 있나요 알려주세요?,우울감과 스트레스는 기억력과 집중력에 영향을 줄 수 있어 정서 상태를 함께 살펴보는 것이 중요합니다. 무리한 자가 판단보다는 꾸준한 관찰과 기본 생활관리부터 시작하는 것이 좋습니다.,정서,"우울감,기억력,스트레스",manual
374,잠을 잘 못 자면 기억력에 영향이 있나요 비슷한 경우에는 어떻게 해야 하나요?,수면 부족은 집중력과 기억력 저하에 영향을 줄 수 있어 규칙적인 수면 습관이 중요합니다. 불안이 크다면 혼자 판단하기보다 전문적인 도움을 받는 편이 더 안전합니다.,수면,"수면,기억력,집중력",manual
375,사회활동이 왜 중요한가요 실생활에서는 어떻게 대처하면 좋나요?,사회적 교류는 정서적 안정과 인지 자극에 도움이 될 수 있어 꾸준한 소통이 중요합니다. 개인 상태에 따라 차이가 있을 수 있으므로 생활습관과 증상의 변화를 함께 살펴보는 것이 중요합니다.,사회활동,"사회활동,교류,정서",manual
376,부모님이 운동이 인지 건강에 도움이 되나요  어떻게 봐야 하나요?,걷기와 같은 가벼운 유산소 운동은 전반적인 건강 유지와 인지 건강 관리에 긍정적인 영향을 줄 수 있습니다. 증상이 지속되거나 일상생활에 불편이 생기면 전문가 상담을 받아보는 것이 좋습니다.,운동,"운동,걷기,인지건강",manual
377,기억력이 조금 나빠진 것 같으면 바로 치매인가요 관련해서 자세히 알려주세요?,"기억력 저하가 있다고 해서 모두 치매는 아니며 스트레스, 수면 부족, 우울감 같은 다양한 원인도 영향을 줄 수 있습니다. 무리한 자가 판단보다는 꾸준한 관찰과 기본 생활관리부터 시작하는 것이 좋습니다.",기억력,"기억력저하,스트레스,수면",manual
378,최근에 인지활동에는 어떤 것이 있나요  주의할 점도 있나요?,"독서, 퍼즐, 단어 연상, 숫자 기억하기, 새로운 취미 배우기 같은 활동이 인지 자극에 도움이 됩니다. 무리한 자가 판단보다는 꾸준한 관찰과 기본 생활관리부터 시작하는 것이 좋습니다.",인지활동,"독서,퍼즐,인지활동",manual
379,인지활동에는 어떤 것이 있나요 비슷한 경우에는 어떻게 해야 하나요?,"독서, 퍼즐, 단어 연상, 숫자 기억하기, 새로운 취미 배우기 같은 활동이 인지 자극에 도움이 됩니다. 증상이 지속되거나 일상생활에 불편이 생기면 전문가 상담을 받아보는 것이 좋습니다.",인지활동,"독서,퍼즐,인지활동",manual
380,부모님이 자주 잊어버리시는데 어떻게 대처해야 하나요?,"바로 단정하기보다 증상이 언제부터 얼마나 자주 나타나는지 기록하고, 일상생활의 변화가 있는지 함께 살펴보는 것이 좋습니다. 증상이 지속되거나 일상생활에 불편이 생기면 전문가 상담을 받아보는 것이 좋습니다.",가족대처,"부모님,기억력,대처",manual
381,기억력이 조금 나빠진 것 같으면 바로 치매인가요 관련해서 자세히 알려주세요?,"기억력 저하가 있다고 해서 모두 치매는 아니며 스트레스, 수면 부족, 우울감 같은 다양한 원인도 영향을 줄 수 있습니다. 개인 상태에 따라 차이가 있을 수 있으므로 생활습관과 증상의 변화를 함께 살펴보는 것이 중요합니다.",기억력,"기억력저하,스트레스,수면",manual
382,치매를 예방하려면 어떻게 해야 하나요 관련해서 자세히 알려주세요?,"규칙적인 운동, 충분한 수면, 균형 잡힌 식사, 사회활동, 인지활동이 인지 건강 관리에 도움이 될 수 있습니다. 무리한 자가 판단보다는 꾸준한 관찰과 기본 생활관리부터 시작하는 것이 좋습니다.",예방,"치매예방,운동,수면,식사",manual
383,사회활동이 왜 중요한가요 실생활에서는 어떻게 대처하면 좋나요?,사회적 교류는 정서적 안정과 인지 자극에 도움이 될 수 있어 꾸준한 소통이 중요합니다. 증상이 지속되거나 일상생활에 불편이 생기면 전문가 상담을 받아보는 것이 좋습니다.,사회활동,"사회활동,교류,정서",manual
384,잠을 잘 못 자면 기억력에 영향이 있나요 실생활에서는 어떻게 대처하면 좋나요?,수면 부족은 집중력과 기억력 저하에 영향을 줄 수 있어 규칙적인 수면 습관이 중요합니다. 증상이 지속되거나 일상생활에 불편이 생기면 전문가 상담을 받아보는 것이 좋습니다.,수면,"수면,기억력,집중력",manual
385,병원 상담은 언제 받아야 하나요 실생활에서는 어떻게 대처하면 좋나요?,"기억력 저하가 반복되거나 시간·장소 혼동, 일상생활의 어려움이 함께 나타나면 상담을 고려하는 것이 좋습니다. 무리한 자가 판단보다는 꾸준한 관찰과 기본 생활관리부터 시작하는 것이 좋습니다.",상담,"병원,상담,시점",manual
386,병원 상담은 언제 받아야 하나요 비슷한 경우에는 어떻게 해야 하나요?,"기억력 저하가 반복되거나 시간·장소 혼동, 일상생활의 어려움이 함께 나타나면 상담을 고려하는 것이 좋습니다. 불안이 크다면 혼자 판단하기보다 전문적인 도움을 받는 편이 더 안전합니다.",상담,"병원,상담,시점",manual
387,기억력이 조금 나빠진 것 같으면 바로 치매인가요 실생활에서는 어떻게 대처하면 좋나요?,"기억력 저하가 있다고 해서 모두 치매는 아니며 스트레스, 수면 부족, 우울감 같은 다양한 원인도 영향을 줄 수 있습니다. 무리한 자가 판단보다는 꾸준한 관찰과 기본 생활관리부터 시작하는 것이 좋습니다.",기억력,"기억력저하,스트레스,수면",manual
388,식습관도 인지 건강과 관련이 있나요 비슷한 경우에는 어떻게 해야 하나요?,균형 잡힌 식사와 규칙적인 식습관은 전반적인 건강 유지에 중요하며 인지 건강 관리에도 도움이 될 수 있습니다. 무리한 자가 판단보다는 꾸준한 관찰과 기본 생활관리부터 시작하는 것이 좋습니다.,식습관,"식습관,영양,인지건강",manual
389,우울감과 기억력 저하는 관련이 있나요 비슷한 경우에는 어떻게 해야 하나요?,우울감과 스트레스는 기억력과 집중력에 영향을 줄 수 있어 정서 상태를 함께 살펴보는 것이 중요합니다. 개인 상태에 따라 차이가 있을 수 있으므로 생활습관과 증상의 변화를 함께 살펴보는 것이 중요합니다.,정서,"우울감,기억력,스트레스",manual
390,부모님이 치매를 예방하려면 어떻게 해야 하나요 어떻게 봐야 하나요?,"규칙적인 운동, 충분한 수면, 균형 잡힌 식사, 사회활동, 인지활동이 인지 건강 관리에 도움이 될 수 있습니다. 증상이 지속되거나 일상생활에 불편이 생기면 전문가 상담을 받아보는 것이 좋습니다.",예방,"치매예방,운동,수면,식사",manual
391,우울감과 기억력 저하는 관련이 있나요?,우울감과 스트레스는 기억력과 집중력에 영향을 줄 수 있어 정서 상태를 함께 살펴보는 것이 중요합니다. 증상이 지속되거나 일상생활에 불편이 생기면 전문가 상담을 받아보는 것이 좋습니다.,정서,"우울감,기억력,스트레스",manual
392,부모님이 자주 잊어버리시는데 어떻게 대처해야 하나요?,"바로 단정하기보다 증상이 언제부터 얼마나 자주 나타나는지 기록하고, 일상생활의 변화가 있는지 함께 살펴보는 것이 좋습니다. 불안이 크다면 혼자 판단하기보다 전문적인 도움을 받는 편이 더 안전합니다.",가족대처,"부모님,기억력,대처",manual
393,식습관도 인지 건강과 관련이 있나요 비슷한 경우에는 어떻게 해야 하나요?,균형 잡힌 식사와 규칙적인 식습관은 전반적인 건강 유지에 중요하며 인지 건강 관리에도 도움이 될 수 있습니다. 무리한 자가 판단보다는 꾸준한 관찰과 기본 생활관리부터 시작하는 것이 좋습니다.,식습관,"식습관,영양,인지건강",manual
394,요즘 부모님이 자주 잊어버리시는데 어떻게 대처해야 하나요  쉽게 설명해줘요?,"바로 단정하기보다 증상이 언제부터 얼마나 자주 나타나는지 기록하고, 일상생활의 변화가 있는지 함께 살펴보는 것이 좋습니다. 불안이 크다면 혼자 판단하기보다 전문적인 도움을 받는 편이 더 안전합니다.",가족대처,"부모님,기억력,대처",manual
395,치매가 의심되면 어떻게 해야 하나요 관련해서 자세히 알려주세요?,기억력 저하나 일상생활의 어려움이 지속되면 전문 의료기관 상담을 받아보는 것이 좋습니다. 불안이 크다면 혼자 판단하기보다 전문적인 도움을 받는 편이 더 안전합니다.,상담,"치매의심,상담,의료기관",manual
396,운동이 인지 건강에 도움이 되나요 비슷한 경우에는 어떻게 해야 하나요?,걷기와 같은 가벼운 유산소 운동은 전반적인 건강 유지와 인지 건강 관리에 긍정적인 영향을 줄 수 있습니다. 무리한 자가 판단보다는 꾸준한 관찰과 기본 생활관리부터 시작하는 것이 좋습니다.,운동,"운동,걷기,인지건강",manual
397,식습관도 인지 건강과 관련이 있나요 비슷한 경우에는 어떻게 해야 하나요?,균형 잡힌 식사와 규칙적인 식습관은 전반적인 건강 유지에 중요하며 인지 건강 관리에도 도움이 될 수 있습니다. 증상이 지속되거나 일상생활에 불편이 생기면 전문가 상담을 받아보는 것이 좋습니다.,식습관,"식습관,영양,인지건강",manual
398,부모님이 자주 잊어버리시는데 어떻게 대처해야 하나요 실생활에서는 어떻게 대처하면 좋나요?,"바로 단정하기보다 증상이 언제부터 얼마나 자주 나타나는지 기록하고, 일상생활의 변화가 있는지 함께 살펴보는 것이 좋습니다. 무리한 자가 판단보다는 꾸준한 관찰과 기본 생활관리부터 시작하는 것이 좋습니다.",가족대처,"부모님,기억력,대처",manual
399,우울감과 기억력 저하는 관련이 있나요 어떻게 봐야 하나요?,우울감과 스트레스는 기억력과 집중력에 영향을 줄 수 있어 정서 상태를 함께 살펴보는 것이 중요합니다. 증상이 지속되거나 일상생활에 불편이 생기면 전문가 상담을 받아보는 것이 좋습니다.,정서,"우울감,기억력,스트레스",manual
400,치매를 예방하려면 어떻게 해야 하나요 실생활에서는 어떻게 대처하면 좋나요?,"규칙적인 운동, 충분한 수면, 균형 잡힌 식사, 사회활동, 인지활동이 인지 건강 관리에 도움이 될 수 있습니다. 증상이 지속되거나 일상생활에 불편이 생기면 전문가 상담을 받아보는 것이 좋습니다.",예방,"치매예방,운동,수면,식사",manual
401,인지활동에는 어떤 것이 있나요 관련해서 자세히 알려주세요?,"독서, 퍼즐, 단어 연상, 숫자 기억하기, 새로운 취미 배우기 같은 활동이 인지 자극에 도움이 됩니다. 증상이 지속되거나 일상생활에 불편이 생기면 전문가 상담을 받아보는 것이 좋습니다.",인지활동,"독서,퍼즐,인지활동",manual
402,기억력이 조금 나빠진 것 같으면 바로 치매인가요 비슷한 경우에는 어떻게 해야 하나요?,"기억력 저하가 있다고 해서 모두 치매는 아니며 스트레스, 수면 부족, 우울감 같은 다양한 원인도 영향을 줄 수 있습니다. 무리한 자가 판단보다는 꾸준한 관찰과 기본 생활관리부터 시작하는 것이 좋습니다.",기억력,"기억력저하,스트레스,수면",manual
403,치매 관련해서 치매를 예방하려면 어떻게 해야 하나요  궁금해요?,"규칙적인 운동, 충분한 수면, 균형 잡힌 식사, 사회활동, 인지활동이 인지 건강 관리에 도움이 될 수 있습니다. 증상이 지속되거나 일상생활에 불편이 생기면 전문가 상담을 받아보는 것이 좋습니다.",예방,"치매예방,운동,수면,식사",manual
404,치매 예방에 좋은 음식이 있나요 실생활에서는 어떻게 대처하면 좋나요?,"특정 음식 하나보다 채소, 생선, 견과류, 단백질, 수분을 포함한 균형 잡힌 식사가 더 중요합니다. 증상이 지속되거나 일상생활에 불편이 생기면 전문가 상담을 받아보는 것이 좋습니다.",식습관,"치매예방,음식,식습관",manual
405,부모님이 병원 상담은 언제 받아야 하나요 쉽게 설명해줘요?,"기억력 저하가 반복되거나 시간·장소 혼동, 일상생활의 어려움이 함께 나타나면 상담을 고려하는 것이 좋습니다. 무리한 자가 판단보다는 꾸준한 관찰과 기본 생활관리부터 시작하는 것이 좋습니다.",상담,"병원,상담,시점",manual
406,부모님이 치매 초기 증상은 무엇인가요 주의할 점도 있나요?,치매 초기에는 최근 일을 잊거나 같은 질문을 반복하고 시간이나 장소를 혼동하는 증상이 나타날 수 있습니다. 불안이 크다면 혼자 판단하기보다 전문적인 도움을 받는 편이 더 안전합니다.,초기증상,"치매,초기증상,기억력",manual
407,혹시 인지활동에는 어떤 것이 있나요  알려주세요?,"독서, 퍼즐, 단어 연상, 숫자 기억하기, 새로운 취미 배우기 같은 활동이 인지 자극에 도움이 됩니다. 무리한 자가 판단보다는 꾸준한 관찰과 기본 생활관리부터 시작하는 것이 좋습니다.",인지활동,"독서,퍼즐,인지활동",manual
408,운동은 어떤 종류가 좋은가요 실생활에서는 어떻게 대처하면 좋나요?,"걷기, 가벼운 스트레칭, 무리가 적은 유산소 운동부터 시작하는 것이 좋습니다. 불안이 크다면 혼자 판단하기보다 전문적인 도움을 받는 편이 더 안전합니다.",운동,"운동종류,산책,스트레칭",manual
409,부모님이 자주 잊어버리시는데 어떻게 대처해야 하나요 비슷한 경우에는 어떻게 해야 하나요?,"바로 단정하기보다 증상이 언제부터 얼마나 자주 나타나는지 기록하고, 일상생활의 변화가 있는지 함께 살펴보는 것이 좋습니다. 개인 상태에 따라 차이가 있을 수 있으므로 생활습관과 증상의 변화를 함께 살펴보는 것이 중요합니다.",가족대처,"부모님,기억력,대처",manual
410,사회활동이 왜 중요한가요?,사회적 교류는 정서적 안정과 인지 자극에 도움이 될 수 있어 꾸준한 소통이 중요합니다. 증상이 지속되거나 일상생활에 불편이 생기면 전문가 상담을 받아보는 것이 좋습니다.,사회활동,"사회활동,교류,정서",manual
411,병원 상담은 언제 받아야 하나요?,"기억력 저하가 반복되거나 시간·장소 혼동, 일상생활의 어려움이 함께 나타나면 상담을 고려하는 것이 좋습니다. 증상이 지속되거나 일상생활에 불편이 생기면 전문가 상담을 받아보는 것이 좋습니다.",상담,"병원,상담,시점",manual
412,치매 예방에 좋은 음식이 있나요 궁금해요?,"특정 음식 하나보다 채소, 생선, 견과류, 단백질, 수분을 포함한 균형 잡힌 식사가 더 중요합니다. 개인 상태에 따라 차이가 있을 수 있으므로 생활습관과 증상의 변화를 함께 살펴보는 것이 중요합니다.",식습관,"치매예방,음식,식습관",manual
413,요즘 기억력이 조금 나빠진 것 같으면 바로 치매인가요 주의할 점도 있나요?,"기억력 저하가 있다고 해서 모두 치매는 아니며 스트레스, 수면 부족, 우울감 같은 다양한 원인도 영향을 줄 수 있습니다. 개인 상태에 따라 차이가 있을 수 있으므로 생활습관과 증상의 변화를 함께 살펴보는 것이 중요합니다.",기억력,"기억력저하,스트레스,수면",manual
414,가족이 도와줄 수 있는 방법은 무엇인가요 관련해서 자세히 알려주세요?,"정기적인 대화, 일정 확인, 약 복용 점검, 감정적 지지처럼 일상 속 작은 도움부터 시작하는 것이 좋습니다. 불안이 크다면 혼자 판단하기보다 전문적인 도움을 받는 편이 더 안전합니다.",가족대처,"가족,돌봄,지원",manual
415,기억력이 조금 나빠진 것 같으면 바로 치매인가요 관련해서 자세히 알려주세요?,"기억력 저하가 있다고 해서 모두 치매는 아니며 스트레스, 수면 부족, 우울감 같은 다양한 원인도 영향을 줄 수 있습니다. 개인 상태에 따라 차이가 있을 수 있으므로 생활습관과 증상의 변화를 함께 살펴보는 것이 중요합니다.",기억력,"기억력저하,스트레스,수면",manual
416,우울감과 기억력 저하는 관련이 있나요?,우울감과 스트레스는 기억력과 집중력에 영향을 줄 수 있어 정서 상태를 함께 살펴보는 것이 중요합니다. 개인 상태에 따라 차이가 있을 수 있으므로 생활습관과 증상의 변화를 함께 살펴보는 것이 중요합니다.,정서,"우울감,기억력,스트레스",manual
417,요즘 치매 예방에 좋은 음식이 있나요  주의할 점도 있나요?,"특정 음식 하나보다 채소, 생선, 견과류, 단백질, 수분을 포함한 균형 잡힌 식사가 더 중요합니다. 증상이 지속되거나 일상생활에 불편이 생기면 전문가 상담을 받아보는 것이 좋습니다.",식습관,"치매예방,음식,식습관",manual
418,혹시 인지활동에는 어떤 것이 있나요 주의할 점도 있나요?,"독서, 퍼즐, 단어 연상, 숫자 기억하기, 새로운 취미 배우기 같은 활동이 인지 자극에 도움이 됩니다. 무리한 자가 판단보다는 꾸준한 관찰과 기본 생활관리부터 시작하는 것이 좋습니다.",인지활동,"독서,퍼즐,인지활동",manual
419,치매 예방에 좋은 음식이 있나요 비슷한 경우에는 어떻게 해야 하나요?,"특정 음식 하나보다 채소, 생선, 견과류, 단백질, 수분을 포함한 균형 잡힌 식사가 더 중요합니다. 증상이 지속되거나 일상생활에 불편이 생기면 전문가 상담을 받아보는 것이 좋습니다.",식습관,"치매예방,음식,식습관",manual
420,식습관도 인지 건강과 관련이 있나요 비슷한 경우에는 어떻게 해야 하나요?,균형 잡힌 식사와 규칙적인 식습관은 전반적인 건강 유지에 중요하며 인지 건강 관리에도 도움이 될 수 있습니다. 불안이 크다면 혼자 판단하기보다 전문적인 도움을 받는 편이 더 안전합니다.,식습관,"식습관,영양,인지건강",manual
421,식습관도 인지 건강과 관련이 있나요 관련해서 자세히 알려주세요?,균형 잡힌 식사와 규칙적인 식습관은 전반적인 건강 유지에 중요하며 인지 건강 관리에도 도움이 될 수 있습니다. 불안이 크다면 혼자 판단하기보다 전문적인 도움을 받는 편이 더 안전합니다.,식습관,"식습관,영양,인지건강",manual
422,치매 예방에 좋은 음식이 있나요 비슷한 경우에는 어떻게 해야 하나요?,"특정 음식 하나보다 채소, 생선, 견과류, 단백질, 수분을 포함한 균형 잡힌 식사가 더 중요합니다. 불안이 크다면 혼자 판단하기보다 전문적인 도움을 받는 편이 더 안전합니다.",식습관,"치매예방,음식,식습관",manual
423,운동이 인지 건강에 도움이 되나요 실생활에서는 어떻게 대처하면 좋나요?,걷기와 같은 가벼운 유산소 운동은 전반적인 건강 유지와 인지 건강 관리에 긍정적인 영향을 줄 수 있습니다. 개인 상태에 따라 차이가 있을 수 있으므로 생활습관과 증상의 변화를 함께 살펴보는 것이 중요합니다.,운동,"운동,걷기,인지건강",manual
424,혹시 잠을 잘 못 자면 기억력에 영향이 있나요 주의할 점도 있나요?,수면 부족은 집중력과 기억력 저하에 영향을 줄 수 있어 규칙적인 수면 습관이 중요합니다. 증상이 지속되거나 일상생활에 불편이 생기면 전문가 상담을 받아보는 것이 좋습니다.,수면,"수면,기억력,집중력",manual
425,치매 관련해서 운동은 어떤 종류가 좋은가요  알려주세요?,"걷기, 가벼운 스트레칭, 무리가 적은 유산소 운동부터 시작하는 것이 좋습니다. 개인 상태에 따라 차이가 있을 수 있으므로 생활습관과 증상의 변화를 함께 살펴보는 것이 중요합니다.",운동,"운동종류,산책,스트레칭",manual
426,우울감과 기억력 저하는 관련이 있나요 실생활에서는 어떻게 대처하면 좋나요?,우울감과 스트레스는 기억력과 집중력에 영향을 줄 수 있어 정서 상태를 함께 살펴보는 것이 중요합니다. 무리한 자가 판단보다는 꾸준한 관찰과 기본 생활관리부터 시작하는 것이 좋습니다.,정서,"우울감,기억력,스트레스",manual
427,치매 관련해서 사회활동이 왜 중요한가요  쉽게 설명해줘요?,사회적 교류는 정서적 안정과 인지 자극에 도움이 될 수 있어 꾸준한 소통이 중요합니다. 개인 상태에 따라 차이가 있을 수 있으므로 생활습관과 증상의 변화를 함께 살펴보는 것이 중요합니다.,사회활동,"사회활동,교류,정서",manual
428,병원 상담은 언제 받아야 하나요 실생활에서는 어떻게 대처하면 좋나요?,"기억력 저하가 반복되거나 시간·장소 혼동, 일상생활의 어려움이 함께 나타나면 상담을 고려하는 것이 좋습니다. 증상이 지속되거나 일상생활에 불편이 생기면 전문가 상담을 받아보는 것이 좋습니다.",상담,"병원,상담,시점",manual
429,치매 예방에 좋은 음식이 있나요 비슷한 경우에는 어떻게 해야 하나요?,"특정 음식 하나보다 채소, 생선, 견과류, 단백질, 수분을 포함한 균형 잡힌 식사가 더 중요합니다. 개인 상태에 따라 차이가 있을 수 있으므로 생활습관과 증상의 변화를 함께 살펴보는 것이 중요합니다.",식습관,"치매예방,음식,식습관",manual
430,운동이 인지 건강에 도움이 되나요 비슷한 경우에는 어떻게 해야 하나요?,걷기와 같은 가벼운 유산소 운동은 전반적인 건강 유지와 인지 건강 관리에 긍정적인 영향을 줄 수 있습니다. 개인 상태에 따라 차이가 있을 수 있으므로 생활습관과 증상의 변화를 함께 살펴보는 것이 중요합니다.,운동,"운동,걷기,인지건강",manual
431,운동은 어떤 종류가 좋은가요 관련해서 자세히 알려주세요?,"걷기, 가벼운 스트레칭, 무리가 적은 유산소 운동부터 시작하는 것이 좋습니다. 무리한 자가 판단보다는 꾸준한 관찰과 기본 생활관리부터 시작하는 것이 좋습니다.",운동,"운동종류,산책,스트레칭",manual
432,기억력이 조금 나빠진 것 같으면 바로 치매인가요 실생활에서는 어떻게 대처하면 좋나요?,"기억력 저하가 있다고 해서 모두 치매는 아니며 스트레스, 수면 부족, 우울감 같은 다양한 원인도 영향을 줄 수 있습니다. 무리한 자가 판단보다는 꾸준한 관찰과 기본 생활관리부터 시작하는 것이 좋습니다.",기억력,"기억력저하,스트레스,수면",manual
433,가족이 도와줄 수 있는 방법은 무엇인가요?,"정기적인 대화, 일정 확인, 약 복용 점검, 감정적 지지처럼 일상 속 작은 도움부터 시작하는 것이 좋습니다. 개인 상태에 따라 차이가 있을 수 있으므로 생활습관과 증상의 변화를 함께 살펴보는 것이 중요합니다.",가족대처,"가족,돌봄,지원",manual
434,요즘 식습관도 인지 건강과 관련이 있나요  쉽게 설명해줘요?,균형 잡힌 식사와 규칙적인 식습관은 전반적인 건강 유지에 중요하며 인지 건강 관리에도 도움이 될 수 있습니다. 무리한 자가 판단보다는 꾸준한 관찰과 기본 생활관리부터 시작하는 것이 좋습니다.,식습관,"식습관,영양,인지건강",manual
435,가족이 도와줄 수 있는 방법은 무엇인가요 관련해서 자세히 알려주세요?,"정기적인 대화, 일정 확인, 약 복용 점검, 감정적 지지처럼 일상 속 작은 도움부터 시작하는 것이 좋습니다. 개인 상태에 따라 차이가 있을 수 있으므로 생활습관과 증상의 변화를 함께 살펴보는 것이 중요합니다.",가족대처,"가족,돌봄,지원",manual
436,부모님이 운동은 어떤 종류가 좋은가요 궁금해요?,"걷기, 가벼운 스트레칭, 무리가 적은 유산소 운동부터 시작하는 것이 좋습니다. 증상이 지속되거나 일상생활에 불편이 생기면 전문가 상담을 받아보는 것이 좋습니다.",운동,"운동종류,산책,스트레칭",manual
437,우울감과 기억력 저하는 관련이 있나요 관련해서 자세히 알려주세요?,우울감과 스트레스는 기억력과 집중력에 영향을 줄 수 있어 정서 상태를 함께 살펴보는 것이 중요합니다. 불안이 크다면 혼자 판단하기보다 전문적인 도움을 받는 편이 더 안전합니다.,정서,"우울감,기억력,스트레스",manual
438,인지활동에는 어떤 것이 있나요?,"독서, 퍼즐, 단어 연상, 숫자 기억하기, 새로운 취미 배우기 같은 활동이 인지 자극에 도움이 됩니다. 증상이 지속되거나 일상생활에 불편이 생기면 전문가 상담을 받아보는 것이 좋습니다.",인지활동,"독서,퍼즐,인지활동",manual
439,치매를 예방하려면 어떻게 해야 하나요  궁금해요?,"규칙적인 운동, 충분한 수면, 균형 잡힌 식사, 사회활동, 인지활동이 인지 건강 관리에 도움이 될 수 있습니다. 무리한 자가 판단보다는 꾸준한 관찰과 기본 생활관리부터 시작하는 것이 좋습니다.",예방,"치매예방,운동,수면,식사",manual
440,운동이 인지 건강에 도움이 되나요?,걷기와 같은 가벼운 유산소 운동은 전반적인 건강 유지와 인지 건강 관리에 긍정적인 영향을 줄 수 있습니다. 무리한 자가 판단보다는 꾸준한 관찰과 기본 생활관리부터 시작하는 것이 좋습니다.,운동,"운동,걷기,인지건강",manual
441,기억력이 조금 나빠진 것 같으면 바로 치매인가요 실생활에서는 어떻게 대처하면 좋나요?,"기억력 저하가 있다고 해서 모두 치매는 아니며 스트레스, 수면 부족, 우울감 같은 다양한 원인도 영향을 줄 수 있습니다. 증상이 지속되거나 일상생활에 불편이 생기면 전문가 상담을 받아보는 것이 좋습니다.",기억력,"기억력저하,스트레스,수면",manual
442,인지활동에는 어떤 것이 있나요 비슷한 경우에는 어떻게 해야 하나요?,"독서, 퍼즐, 단어 연상, 숫자 기억하기, 새로운 취미 배우기 같은 활동이 인지 자극에 도움이 됩니다. 무리한 자가 판단보다는 꾸준한 관찰과 기본 생활관리부터 시작하는 것이 좋습니다.",인지활동,"독서,퍼즐,인지활동",manual
443,혹시 가족이 도와줄 수 있는 방법은 무엇인가요 ?,"정기적인 대화, 일정 확인, 약 복용 점검, 감정적 지지처럼 일상 속 작은 도움부터 시작하는 것이 좋습니다. 불안이 크다면 혼자 판단하기보다 전문적인 도움을 받는 편이 더 안전합니다.",가족대처,"가족,돌봄,지원",manual
444,치매 관련해서 식습관도 인지 건강과 관련이 있나요 쉽게 설명해줘요?,균형 잡힌 식사와 규칙적인 식습관은 전반적인 건강 유지에 중요하며 인지 건강 관리에도 도움이 될 수 있습니다. 증상이 지속되거나 일상생활에 불편이 생기면 전문가 상담을 받아보는 것이 좋습니다.,식습관,"식습관,영양,인지건강",manual
445,치매를 예방하려면 어떻게 해야 하나요 비슷한 경우에는 어떻게 해야 하나요?,"규칙적인 운동, 충분한 수면, 균형 잡힌 식사, 사회활동, 인지활동이 인지 건강 관리에 도움이 될 수 있습니다. 불안이 크다면 혼자 판단하기보다 전문적인 도움을 받는 편이 더 안전합니다.",예방,"치매예방,운동,수면,식사",manual
446,부모님이 자주 잊어버리시는데 어떻게 대처해야 하나요?,"바로 단정하기보다 증상이 언제부터 얼마나 자주 나타나는지 기록하고, 일상생활의 변화가 있는지 함께 살펴보는 것이 좋습니다. 개인 상태에 따라 차이가 있을 수 있으므로 생활습관과 증상의 변화를 함께 살펴보는 것이 중요합니다.",가족대처,"부모님,기억력,대처",manual
447,잠을 잘 못 자면 기억력에 영향이 있나요 비슷한 경우에는 어떻게 해야 하나요?,수면 부족은 집중력과 기억력 저하에 영향을 줄 수 있어 규칙적인 수면 습관이 중요합니다. 불안이 크다면 혼자 판단하기보다 전문적인 도움을 받는 편이 더 안전합니다.,수면,"수면,기억력,집중력",manual
448,사회활동이 왜 중요한가요 실생활에서는 어떻게 대처하면 좋나요?,사회적 교류는 정서적 안정과 인지 자극에 도움이 될 수 있어 꾸준한 소통이 중요합니다. 증상이 지속되거나 일상생활에 불편이 생기면 전문가 상담을 받아보는 것이 좋습니다.,사회활동,"사회활동,교류,정서",manual
449,잠을 잘 못 자면 기억력에 영향이 있나요 궁금해요?,수면 부족은 집중력과 기억력 저하에 영향을 줄 수 있어 규칙적인 수면 습관이 중요합니다. 증상이 지속되거나 일상생활에 불편이 생기면 전문가 상담을 받아보는 것이 좋습니다.,수면,"수면,기억력,집중력",manual
450,부모님이 자주 잊어버리시는데 어떻게 대처해야 하나요 비슷한 경우에는 어떻게 해야 하나요?,"바로 단정하기보다 증상이 언제부터 얼마나 자주 나타나는지 기록하고, 일상생활의 변화가 있는지 함께 살펴보는 것이 좋습니다. 불안이 크다면 혼자 판단하기보다 전문적인 도움을 받는 편이 더 안전합니다.",가족대처,"부모님,기억력,대처",manual
451,병원 상담은 언제 받아야 하나요?,"기억력 저하가 반복되거나 시간·장소 혼동, 일상생활의 어려움이 함께 나타나면 상담을 고려하는 것이 좋습니다. 증상이 지속되거나 일상생활에 불편이 생기면 전문가 상담을 받아보는 것이 좋습니다.",상담,"병원,상담,시점",manual
452,최근에 우울감과 기억력 저하는 관련이 있나요  주의할 점도 있나요?,우울감과 스트레스는 기억력과 집중력에 영향을 줄 수 있어 정서 상태를 함께 살펴보는 것이 중요합니다. 불안이 크다면 혼자 판단하기보다 전문적인 도움을 받는 편이 더 안전합니다.,정서,"우울감,기억력,스트레스",manual
453,치매 초기 증상은 무엇인가요?,치매 초기에는 최근 일을 잊거나 같은 질문을 반복하고 시간이나 장소를 혼동하는 증상이 나타날 수 있습니다. 개인 상태에 따라 차이가 있을 수 있으므로 생활습관과 증상의 변화를 함께 살펴보는 것이 중요합니다.,초기증상,"치매,초기증상,기억력",manual
454,병원 상담은 언제 받아야 하나요 관련해서 자세히 알려주세요?,"기억력 저하가 반복되거나 시간·장소 혼동, 일상생활의 어려움이 함께 나타나면 상담을 고려하는 것이 좋습니다. 개인 상태에 따라 차이가 있을 수 있으므로 생활습관과 증상의 변화를 함께 살펴보는 것이 중요합니다.",상담,"병원,상담,시점",manual
455,치매 초기 증상은 무엇인가요?,치매 초기에는 최근 일을 잊거나 같은 질문을 반복하고 시간이나 장소를 혼동하는 증상이 나타날 수 있습니다. 증상이 지속되거나 일상생활에 불편이 생기면 전문가 상담을 받아보는 것이 좋습니다.,초기증상,"치매,초기증상,기억력",manual
456,운동은 어떤 종류가 좋은가요?,"걷기, 가벼운 스트레칭, 무리가 적은 유산소 운동부터 시작하는 것이 좋습니다. 개인 상태에 따라 차이가 있을 수 있으므로 생활습관과 증상의 변화를 함께 살펴보는 것이 중요합니다.",운동,"운동종류,산책,스트레칭",manual
457,가족이 도와줄 수 있는 방법은 무엇인가요 비슷한 경우에는 어떻게 해야 하나요?,"정기적인 대화, 일정 확인, 약 복용 점검, 감정적 지지처럼 일상 속 작은 도움부터 시작하는 것이 좋습니다. 불안이 크다면 혼자 판단하기보다 전문적인 도움을 받는 편이 더 안전합니다.",가족대처,"가족,돌봄,지원",manual
458,기억력이 조금 나빠진 것 같으면 바로 치매인가요 관련해서 자세히 알려주세요?,"기억력 저하가 있다고 해서 모두 치매는 아니며 스트레스, 수면 부족, 우울감 같은 다양한 원인도 영향을 줄 수 있습니다. 증상이 지속되거나 일상생활에 불편이 생기면 전문가 상담을 받아보는 것이 좋습니다.",기억력,"기억력저하,스트레스,수면",manual
459,운동이 인지 건강에 도움이 되나요?,걷기와 같은 가벼운 유산소 운동은 전반적인 건강 유지와 인지 건강 관리에 긍정적인 영향을 줄 수 있습니다. 불안이 크다면 혼자 판단하기보다 전문적인 도움을 받는 편이 더 안전합니다.,운동,"운동,걷기,인지건강",manual
460,운동이 인지 건강에 도움이 되나요 비슷한 경우에는 어떻게 해야 하나요?,걷기와 같은 가벼운 유산소 운동은 전반적인 건강 유지와 인지 건강 관리에 긍정적인 영향을 줄 수 있습니다. 불안이 크다면 혼자 판단하기보다 전문적인 도움을 받는 편이 더 안전합니다.,운동,"운동,걷기,인지건강",manual
461,부모님이 치매를 예방하려면 어떻게 해야 하나요?,"규칙적인 운동, 충분한 수면, 균형 잡힌 식사, 사회활동, 인지활동이 인지 건강 관리에 도움이 될 수 있습니다. 무리한 자가 판단보다는 꾸준한 관찰과 기본 생활관리부터 시작하는 것이 좋습니다.",예방,"치매예방,운동,수면,식사",manual
462,치매 예방에 좋은 음식이 있나요 주의할 점도 있나요?,"특정 음식 하나보다 채소, 생선, 견과류, 단백질, 수분을 포함한 균형 잡힌 식사가 더 중요합니다. 무리한 자가 판단보다는 꾸준한 관찰과 기본 생활관리부터 시작하는 것이 좋습니다.",식습관,"치매예방,음식,식습관",manual
463,기억력이 조금 나빠진 것 같으면 바로 치매인가요 실생활에서는 어떻게 대처하면 좋나요?,"기억력 저하가 있다고 해서 모두 치매는 아니며 스트레스, 수면 부족, 우울감 같은 다양한 원인도 영향을 줄 수 있습니다. 불안이 크다면 혼자 판단하기보다 전문적인 도움을 받는 편이 더 안전합니다.",기억력,"기억력저하,스트레스,수면",manual
464,사회활동이 왜 중요한가요 관련해서 자세히 알려주세요?,사회적 교류는 정서적 안정과 인지 자극에 도움이 될 수 있어 꾸준한 소통이 중요합니다. 개인 상태에 따라 차이가 있을 수 있으므로 생활습관과 증상의 변화를 함께 살펴보는 것이 중요합니다.,사회활동,"사회활동,교류,정서",manual
465,인지활동에는 어떤 것이 있나요 관련해서 자세히 알려주세요?,"독서, 퍼즐, 단어 연상, 숫자 기억하기, 새로운 취미 배우기 같은 활동이 인지 자극에 도움이 됩니다. 증상이 지속되거나 일상생활에 불편이 생기면 전문가 상담을 받아보는 것이 좋습니다.",인지활동,"독서,퍼즐,인지활동",manual
466,기억력이 조금 나빠진 것 같으면 바로 치매인가요 관련해서 자세히 알려주세요?,"기억력 저하가 있다고 해서 모두 치매는 아니며 스트레스, 수면 부족, 우울감 같은 다양한 원인도 영향을 줄 수 있습니다. 개인 상태에 따라 차이가 있을 수 있으므로 생활습관과 증상의 변화를 함께 살펴보는 것이 중요합니다.",기억력,"기억력저하,스트레스,수면",manual
467,식습관도 인지 건강과 관련이 있나요 관련해서 자세히 알려주세요?,균형 잡힌 식사와 규칙적인 식습관은 전반적인 건강 유지에 중요하며 인지 건강 관리에도 도움이 될 수 있습니다. 증상이 지속되거나 일상생활에 불편이 생기면 전문가 상담을 받아보는 것이 좋습니다.,식습관,"식습관,영양,인지건강",manual
468,우울감과 기억력 저하는 관련이 있나요?,우울감과 스트레스는 기억력과 집중력에 영향을 줄 수 있어 정서 상태를 함께 살펴보는 것이 중요합니다. 무리한 자가 판단보다는 꾸준한 관찰과 기본 생활관리부터 시작하는 것이 좋습니다.,정서,"우울감,기억력,스트레스",manual
469,치매를 예방하려면 어떻게 해야 하나요 비슷한 경우에는 어떻게 해야 하나요?,"규칙적인 운동, 충분한 수면, 균형 잡힌 식사, 사회활동, 인지활동이 인지 건강 관리에 도움이 될 수 있습니다. 불안이 크다면 혼자 판단하기보다 전문적인 도움을 받는 편이 더 안전합니다.",예방,"치매예방,운동,수면,식사",manual
470,병원 상담은 언제 받아야 하나요 비슷한 경우에는 어떻게 해야 하나요?,"기억력 저하가 반복되거나 시간·장소 혼동, 일상생활의 어려움이 함께 나타나면 상담을 고려하는 것이 좋습니다. 개인 상태에 따라 차이가 있을 수 있으므로 생활습관과 증상의 변화를 함께 살펴보는 것이 중요합니다.",상담,"병원,상담,시점",manual
471,병원 상담은 언제 받아야 하나요 실생활에서는 어떻게 대처하면 좋나요?,"기억력 저하가 반복되거나 시간·장소 혼동, 일상생활의 어려움이 함께 나타나면 상담을 고려하는 것이 좋습니다. 증상이 지속되거나 일상생활에 불편이 생기면 전문가 상담을 받아보는 것이 좋습니다.",상담,"병원,상담,시점",manual
472,운동이 인지 건강에 도움이 되나요?,걷기와 같은 가벼운 유산소 운동은 전반적인 건강 유지와 인지 건강 관리에 긍정적인 영향을 줄 수 있습니다. 무리한 자가 판단보다는 꾸준한 관찰과 기본 생활관리부터 시작하는 것이 좋습니다.,운동,"운동,걷기,인지건강",manual
473,사회활동이 왜 중요한가요 실생활에서는 어떻게 대처하면 좋나요?,사회적 교류는 정서적 안정과 인지 자극에 도움이 될 수 있어 꾸준한 소통이 중요합니다. 불안이 크다면 혼자 판단하기보다 전문적인 도움을 받는 편이 더 안전합니다.,사회활동,"사회활동,교류,정서",manual
474,식습관도 인지 건강과 관련이 있나요 실생활에서는 어떻게 대처하면 좋나요?,균형 잡힌 식사와 규칙적인 식습관은 전반적인 건강 유지에 중요하며 인지 건강 관리에도 도움이 될 수 있습니다. 무리한 자가 판단보다는 꾸준한 관찰과 기본 생활관리부터 시작하는 것이 좋습니다.,식습관,"식습관,영양,인지건강",manual
475,우울감과 기억력 저하는 관련이 있나요?,우울감과 스트레스는 기억력과 집중력에 영향을 줄 수 있어 정서 상태를 함께 살펴보는 것이 중요합니다. 무리한 자가 판단보다는 꾸준한 관찰과 기본 생활관리부터 시작하는 것이 좋습니다.,정서,"우울감,기억력,스트레스",manual
476,치매 예방에 좋은 음식이 있나요?,"특정 음식 하나보다 채소, 생선, 견과류, 단백질, 수분을 포함한 균형 잡힌 식사가 더 중요합니다. 무리한 자가 판단보다는 꾸준한 관찰과 기본 생활관리부터 시작하는 것이 좋습니다.",식습관,"치매예방,음식,식습관",manual
477,운동은 어떤 종류가 좋은가요 비슷한 경우에는 어떻게 해야 하나요?,"걷기, 가벼운 스트레칭, 무리가 적은 유산소 운동부터 시작하는 것이 좋습니다. 증상이 지속되거나 일상생활에 불편이 생기면 전문가 상담을 받아보는 것이 좋습니다.",운동,"운동종류,산책,스트레칭",manual
478,기억력이 조금 나빠진 것 같으면 바로 치매인가요 비슷한 경우에는 어떻게 해야 하나요?,"기억력 저하가 있다고 해서 모두 치매는 아니며 스트레스, 수면 부족, 우울감 같은 다양한 원인도 영향을 줄 수 있습니다. 불안이 크다면 혼자 판단하기보다 전문적인 도움을 받는 편이 더 안전합니다.",기억력,"기억력저하,스트레스,수면",manual
479,사회활동이 왜 중요한가요 비슷한 경우에는 어떻게 해야 하나요?,사회적 교류는 정서적 안정과 인지 자극에 도움이 될 수 있어 꾸준한 소통이 중요합니다. 무리한 자가 판단보다는 꾸준한 관찰과 기본 생활관리부터 시작하는 것이 좋습니다.,사회활동,"사회활동,교류,정서",manual
480,인지활동에는 어떤 것이 있나요 관련해서 자세히 알려주세요?,"독서, 퍼즐, 단어 연상, 숫자 기억하기, 새로운 취미 배우기 같은 활동이 인지 자극에 도움이 됩니다. 증상이 지속되거나 일상생활에 불편이 생기면 전문가 상담을 받아보는 것이 좋습니다.",인지활동,"독서,퍼즐,인지활동",manual
481,치매를 예방하려면 어떻게 해야 하나요 비슷한 경우에는 어떻게 해야 하나요?,"규칙적인 운동, 충분한 수면, 균형 잡힌 식사, 사회활동, 인지활동이 인지 건강 관리에 도움이 될 수 있습니다. 무리한 자가 판단보다는 꾸준한 관찰과 기본 생활관리부터 시작하는 것이 좋습니다.",예방,"치매예방,운동,수면,식사",manual
482,요즘 치매 초기 증상은 무엇인가요?,치매 초기에는 최근 일을 잊거나 같은 질문을 반복하고 시간이나 장소를 혼동하는 증상이 나타날 수 있습니다. 증상이 지속되거나 일상생활에 불편이 생기면 전문가 상담을 받아보는 것이 좋습니다.,초기증상,"치매,초기증상,기억력",manual
483,최근에 가족이 도와줄 수 있는 방법은 무엇인가요 어떻게 봐야 하나요?,"정기적인 대화, 일정 확인, 약 복용 점검, 감정적 지지처럼 일상 속 작은 도움부터 시작하는 것이 좋습니다. 불안이 크다면 혼자 판단하기보다 전문적인 도움을 받는 편이 더 안전합니다.",가족대처,"가족,돌봄,지원",manual
484,사회활동이 왜 중요한가요?,사회적 교류는 정서적 안정과 인지 자극에 도움이 될 수 있어 꾸준한 소통이 중요합니다. 불안이 크다면 혼자 판단하기보다 전문적인 도움을 받는 편이 더 안전합니다.,사회활동,"사회활동,교류,정서",manual
485,최근에 식습관도 인지 건강과 관련이 있나요  주의할 점도 있나요?,균형 잡힌 식사와 규칙적인 식습관은 전반적인 건강 유지에 중요하며 인지 건강 관리에도 도움이 될 수 있습니다. 무리한 자가 판단보다는 꾸준한 관찰과 기본 생활관리부터 시작하는 것이 좋습니다.,식습관,"식습관,영양,인지건강",manual
486,식습관도 인지 건강과 관련이 있나요?,균형 잡힌 식사와 규칙적인 식습관은 전반적인 건강 유지에 중요하며 인지 건강 관리에도 도움이 될 수 있습니다. 불안이 크다면 혼자 판단하기보다 전문적인 도움을 받는 편이 더 안전합니다.,식습관,"식습관,영양,인지건강",manual
487,병원 상담은 언제 받아야 하나요 실생활에서는 어떻게 대처하면 좋나요?,"기억력 저하가 반복되거나 시간·장소 혼동, 일상생활의 어려움이 함께 나타나면 상담을 고려하는 것이 좋습니다. 개인 상태에 따라 차이가 있을 수 있으므로 생활습관과 증상의 변화를 함께 살펴보는 것이 중요합니다.",상담,"병원,상담,시점",manual
488,운동은 어떤 종류가 좋은가요 실생활에서는 어떻게 대처하면 좋나요?,"걷기, 가벼운 스트레칭, 무리가 적은 유산소 운동부터 시작하는 것이 좋습니다. 증상이 지속되거나 일상생활에 불편이 생기면 전문가 상담을 받아보는 것이 좋습니다.",운동,"운동종류,산책,스트레칭",manual
489,치매 초기 증상은 무엇인가요 실생활에서는 어떻게 대처하면 좋나요?,치매 초기에는 최근 일을 잊거나 같은 질문을 반복하고 시간이나 장소를 혼동하는 증상이 나타날 수 있습니다. 증상이 지속되거나 일상생활에 불편이 생기면 전문가 상담을 받아보는 것이 좋습니다.,초기증상,"치매,초기증상,기억력",manual
490,치매가 의심되면 어떻게 해야 하나요 실생활에서는 어떻게 대처하면 좋나요?,기억력 저하나 일상생활의 어려움이 지속되면 전문 의료기관 상담을 받아보는 것이 좋습니다. 불안이 크다면 혼자 판단하기보다 전문적인 도움을 받는 편이 더 안전합니다.,상담,"치매의심,상담,의료기관",manual
491,잠을 잘 못 자면 기억력에 영향이 있나요 관련해서 자세히 알려주세요?,수면 부족은 집중력과 기억력 저하에 영향을 줄 수 있어 규칙적인 수면 습관이 중요합니다. 불안이 크다면 혼자 판단하기보다 전문적인 도움을 받는 편이 더 안전합니다.,수면,"수면,기억력,집중력",manual
492,치매를 예방하려면 어떻게 해야 하나요 실생활에서는 어떻게 대처하면 좋나요?,"규칙적인 운동, 충분한 수면, 균형 잡힌 식사, 사회활동, 인지활동이 인지 건강 관리에 도움이 될 수 있습니다. 불안이 크다면 혼자 판단하기보다 전문적인 도움을 받는 편이 더 안전합니다.",예방,"치매예방,운동,수면,식사",manual
493,운동이 인지 건강에 도움이 되나요?,걷기와 같은 가벼운 유산소 운동은 전반적인 건강 유지와 인지 건강 관리에 긍정적인 영향을 줄 수 있습니다. 증상이 지속되거나 일상생활에 불편이 생기면 전문가 상담을 받아보는 것이 좋습니다.,운동,"운동,걷기,인지건강",manual
494,기억력이 조금 나빠진 것 같으면 바로 치매인가요 실생활에서는 어떻게 대처하면 좋나요?,"기억력 저하가 있다고 해서 모두 치매는 아니며 스트레스, 수면 부족, 우울감 같은 다양한 원인도 영향을 줄 수 있습니다. 무리한 자가 판단보다는 꾸준한 관찰과 기본 생활관리부터 시작하는 것이 좋습니다.",기억력,"기억력저하,스트레스,수면",manual
495,우울감과 기억력 저하는 관련이 있나요 실생활에서는 어떻게 대처하면 좋나요?,우울감과 스트레스는 기억력과 집중력에 영향을 줄 수 있어 정서 상태를 함께 살펴보는 것이 중요합니다. 증상이 지속되거나 일상생활에 불편이 생기면 전문가 상담을 받아보는 것이 좋습니다.,정서,"우울감,기억력,스트레스",manual
496,요즘 치매 예방에 좋은 음식이 있나요 쉽게 설명해줘요?,"특정 음식 하나보다 채소, 생선, 견과류, 단백질, 수분을 포함한 균형 잡힌 식사가 더 중요합니다. 개인 상태에 따라 차이가 있을 수 있으므로 생활습관과 증상의 변화를 함께 살펴보는 것이 중요합니다.",식습관,"치매예방,음식,식습관",manual
497,부모님이 치매 초기 증상은 무엇인가요 쉽게 설명해줘요?,치매 초기에는 최근 일을 잊거나 같은 질문을 반복하고 시간이나 장소를 혼동하는 증상이 나타날 수 있습니다. 증상이 지속되거나 일상생활에 불편이 생기면 전문가 상담을 받아보는 것이 좋습니다.,초기증상,"치매,초기증상,기억력",manual
498,가족이 도와줄 수 있는 방법은 무엇인가요 비슷한 경우에는 어떻게 해야 하나요?,"정기적인 대화, 일정 확인, 약 복용 점검, 감정적 지지처럼 일상 속 작은 도움부터 시작하는 것이 좋습니다. 불안이 크다면 혼자 판단하기보다 전문적인 도움을 받는 편이 더 안전합니다.",가족대처,"가족,돌봄,지원",manual
499,기억력이 조금 나빠진 것 같으면 바로 치매인가요 비슷한 경우에는 어떻게 해야 하나요?,"기억력 저하가 있다고 해서 모두 치매는 아니며 스트레스, 수면 부족, 우울감 같은 다양한 원인도 영향을 줄 수 있습니다. 불안이 크다면 혼자 판단하기보다 전문적인 도움을 받는 편이 더 안전합니다.",기억력,"기억력저하,스트레스,수면",manual
500,치매가 의심되면 어떻게 해야 하나요 실생활에서는 어떻게 대처하면 좋나요?,기억력 저하나 일상생활의 어려움이 지속되면 전문 의료기관 상담을 받아보는 것이 좋습니다. 증상이 지속되거나 일상생활에 불편이 생기면 전문가 상담을 받아보는 것이 좋습니다.,상담,"치매의심,상담,의료기관",manual
