id,user_text,recommendation_title,recommendation_text,category,priority
1,머리가 둔해진 느낌이에요,두뇌 활동 시간 확보,매일 일정한 시간에 뇌를 쓰는 활동을 정해 습관처럼 이어가보세요. 하루 목표를 너무 크게 잡지 말고 작은 실천부터 시작하세요.,인지활동,중
2,혼자 있는 시간이 너무 많아요 가족이나 친구와 대화 빈도가 적음.,사회적 교류 늘리기,가족이나 친구와 주 2회 이상 짧게라도 대화할 시간을 만들어보세요. 하루 목표를 너무 크게 잡지 말고 작은 실천부터 시작하세요.,사회활동,상
3,뇌를 좀 더 쓰는 활동이 필요할까요? 요즘 집중력이 예전보다 떨어짐 편이고 새로운 자극이 줄어듦도 함께 느껴집니다.,인지 자극 루틴,"독서, 퍼즐, 끝말잇기, 숫자 기억하기 같은 활동을 하루 10분씩 실천해보세요. 하루 목표를 너무 크게 잡지 말고 작은 실천부터 시작하세요.",인지활동,상
4,요즘 무기력하고 의욕이 없어요 기분이 자주 가라앉음.,정서 회복 루틴,"짧은 산책, 호흡 운동, 감사일기처럼 부담이 적은 감정 관리 루틴을 실천해보세요. 한 번에 완벽하게 하려 하기보다 꾸준히 반복하는 것이 더 중요합니다.",정서,상
5,운동을 시작하고 싶은데 의지가 안 나요,가벼운 스트레칭,아침과 저녁에 10분 정도 전신 스트레칭을 실천해보세요. 한 번에 완벽하게 하려 하기보다 꾸준히 반복하는 것이 더 중요합니다.,운동,중
6,"물건 둔 곳을 자주 잊어요 그리고 가끔 같은 질문을 반복하게 됨, 물건 둔 곳을 자주 잊음.",기억력 관찰 일지,최근 기억력 변화를 간단한 메모나 일기로 기록해보세요. 일주일 단위로 실천 여부를 점검하면 꾸준함을 유지하는 데 도움이 됩니다.,인지관찰,상
7,운동을 꾸준히 못 하고 있어요,걷기 루틴 시작,하루 20분 산책부터 시작해 신체활동을 조금씩 늘려보세요. 무리하지 않는 범위에서 천천히 습관을 만들어가는 것이 중요합니다.,운동,상
8,감정 기복이 심한 것 같아요 혼자 있는 시간이 많음.,정서 회복 루틴,"짧은 산책, 호흡 운동, 감사일기처럼 부담이 적은 감정 관리 루틴을 실천해보세요. 하루 목표를 너무 크게 잡지 말고 작은 실천부터 시작하세요.",정서,상
9,치매 예방에 좋은 음식이 궁금해요 식사 시간이 불규칙함.,식사 시간 고정,하루 세 끼 식사 시간을 일정하게 맞추는 것부터 시작해보세요. 하루 목표를 너무 크게 잡지 말고 작은 실천부터 시작하세요.,식습관,상
10,"자주 깨서 푹 못 자요 그리고 아침 피로가 큼, 평균 수면 시간이 짧음.",저녁 루틴 정비,취침 전 스마트폰 사용과 카페인 섭취를 줄여 수면의 질을 높여보세요. 하루 목표를 너무 크게 잡지 말고 작은 실천부터 시작하세요.,수면,상
11,운동 습관을 만들고 싶어요 체력 저하를 느낌.,가벼운 스트레칭,아침과 저녁에 10분 정도 전신 스트레칭을 실천해보세요. 일주일 단위로 실천 여부를 점검하면 꾸준함을 유지하는 데 도움이 됩니다.,운동,중
12,새벽에 자꾸 깨요 요즘 자주 깨서 수면의 질이 낮음 편이고 평균 수면 시간이 짧음도 함께 느껴집니다.,저녁 루틴 정비,취침 전 스마트폰 사용과 카페인 섭취를 줄여 수면의 질을 높여보세요. 가족이나 주변 사람과 함께 실천하면 지속하기가 더 쉬워집니다.,수면,상
13,밤낮이 자꾸 바뀌어요,저녁 루틴 정비,취침 전 스마트폰 사용과 카페인 섭취를 줄여 수면의 질을 높여보세요. 한 번에 완벽하게 하려 하기보다 꾸준히 반복하는 것이 더 중요합니다.,수면,상
14,"감정 기복이 심한 것 같아요 그리고 혼자 있는 시간이 많음, 스트레스 수준이 높은 편임.",대화 시간 만들기,가족이나 친구와 짧게라도 정기적으로 대화할 시간을 정해보세요. 하루 목표를 너무 크게 잡지 말고 작은 실천부터 시작하세요.,사회활동,중
15,머리를 쓰는 활동을 거의 안 해요,두뇌 활동 시간 확보,매일 일정한 시간에 뇌를 쓰는 활동을 정해 습관처럼 이어가보세요. 하루 목표를 너무 크게 잡지 말고 작은 실천부터 시작하세요.,인지활동,중
16,머리가 둔해진 느낌이에요 집중력이 예전보다 떨어짐.,새로운 취미 시도,익숙하지 않은 새로운 취미를 배우며 뇌에 자극을 주세요. 하루 목표를 너무 크게 잡지 말고 작은 실천부터 시작하세요.,인지활동,중
17,대화할 사람이 거의 없어요 사회적 교류가 부족함.,소규모 모임 참여,취미 모임이나 지역 커뮤니티처럼 작은 모임부터 참여를 시도해보세요. 무리하지 않는 범위에서 천천히 습관을 만들어가는 것이 중요합니다.,사회활동,중
18,머리가 둔해진 느낌이에요,새로운 취미 시도,익숙하지 않은 새로운 취미를 배우며 뇌에 자극을 주세요. 일주일 단위로 실천 여부를 점검하면 꾸준함을 유지하는 데 도움이 됩니다.,인지활동,중
19,물건 둔 곳을 자주 잊어요,전문 상담 고려,깜빡하는 일이 잦아지고 일상생활에 불편이 생기면 전문 상담을 받아보는 것이 좋습니다. 무리하지 않는 범위에서 천천히 습관을 만들어가는 것이 중요합니다.,상담,상
20,요즘 잠이 얕아진 것 같아요,낮 시간 활동 늘리기,낮에 가벼운 산책과 햇빛 노출을 늘리면 수면 리듬 회복에 도움이 될 수 있습니다. 가족이나 주변 사람과 함께 실천하면 지속하기가 더 쉬워집니다.,수면,중
21,요즘 무기력하고 의욕이 없어요 요즘 스트레스 수준이 높은 편임 편이고 기분이 자주 가라앉음도 함께 느껴집니다.,스트레스 기록하기,하루 중 스트레스가 높아지는 상황을 적어보고 줄일 수 있는 방법을 찾아보세요. 일주일 단위로 실천 여부를 점검하면 꾸준함을 유지하는 데 도움이 됩니다.,정서,중
22,새로운 걸 배우는 일이 줄었어요 독서나 퍼즐 같은 활동을 거의 하지 않음.,두뇌 활동 시간 확보,매일 일정한 시간에 뇌를 쓰는 활동을 정해 습관처럼 이어가보세요. 일주일 단위로 실천 여부를 점검하면 꾸준함을 유지하는 데 도움이 됩니다.,인지활동,중
23,잠을 잘 못 자요 요즘 자주 깨서 수면의 질이 낮음 편이고 평균 수면 시간이 짧음도 함께 느껴집니다.,낮 시간 활동 늘리기,낮에 가벼운 산책과 햇빛 노출을 늘리면 수면 리듬 회복에 도움이 될 수 있습니다. 가족이나 주변 사람과 함께 실천하면 지속하기가 더 쉬워집니다.,수면,중
24,새벽에 자꾸 깨요 평균 수면 시간이 짧음.,수면 습관 회복,잠드는 시간과 기상 시간을 일정하게 맞추는 것부터 시작해보세요. 한 번에 완벽하게 하려 하기보다 꾸준히 반복하는 것이 더 중요합니다.,수면,상
25,최근 일이 잘 기억나지 않아요,전문 상담 고려,깜빡하는 일이 잦아지고 일상생활에 불편이 생기면 전문 상담을 받아보는 것이 좋습니다. 하루 목표를 너무 크게 잡지 말고 작은 실천부터 시작하세요.,상담,상
26,머리를 쓰는 활동을 거의 안 해요 요즘 독서나 퍼즐 같은 활동을 거의 하지 않음 편이고 새로운 자극이 줄어듦도 함께 느껴집니다.,새로운 취미 시도,익숙하지 않은 새로운 취미를 배우며 뇌에 자극을 주세요. 무리하지 않는 범위에서 천천히 습관을 만들어가는 것이 중요합니다.,인지활동,중
27,마음이 답답하고 스트레스가 많아요 요즘 스트레스 수준이 높은 편임 편이고 혼자 있는 시간이 많음도 함께 느껴집니다.,대화 시간 만들기,가족이나 친구와 짧게라도 정기적으로 대화할 시간을 정해보세요. 한 번에 완벽하게 하려 하기보다 꾸준히 반복하는 것이 더 중요합니다.,사회활동,중
28,"머리를 쓰는 활동을 거의 안 해요 그리고 새로운 자극이 줄어듦, 독서나 퍼즐 같은 활동을 거의 하지 않음.",새로운 취미 시도,익숙하지 않은 새로운 취미를 배우며 뇌에 자극을 주세요. 가족이나 주변 사람과 함께 실천하면 지속하기가 더 쉬워집니다.,인지활동,중
29,가볍게 할 수 있는 운동이 필요해요 요즘 하루 대부분을 앉아서 보냄 편이고 운동 빈도가 매우 낮음도 함께 느껴집니다.,가벼운 스트레칭,아침과 저녁에 10분 정도 전신 스트레칭을 실천해보세요. 일주일 단위로 실천 여부를 점검하면 꾸준함을 유지하는 데 도움이 됩니다.,운동,중
30,"밤낮이 자꾸 바뀌어요 그리고 자주 깨서 수면의 질이 낮음, 평균 수면 시간이 짧음.",저녁 루틴 정비,취침 전 스마트폰 사용과 카페인 섭취를 줄여 수면의 질을 높여보세요. 일주일 단위로 실천 여부를 점검하면 꾸준함을 유지하는 데 도움이 됩니다.,수면,상
31,"머리가 둔해진 느낌이에요 그리고 독서나 퍼즐 같은 활동을 거의 하지 않음, 집중력이 예전보다 떨어짐.",인지 자극 루틴,"독서, 퍼즐, 끝말잇기, 숫자 기억하기 같은 활동을 하루 10분씩 실천해보세요. 하루 목표를 너무 크게 잡지 말고 작은 실천부터 시작하세요.",인지활동,상
32,체력이 너무 떨어진 것 같아요 요즘 하루 대부분을 앉아서 보냄 편이고 체력 저하를 느낌도 함께 느껴집니다.,걷기 루틴 시작,하루 20분 산책부터 시작해 신체활동을 조금씩 늘려보세요. 가족이나 주변 사람과 함께 실천하면 지속하기가 더 쉬워집니다.,운동,상
33,"누군가와 대화하는 시간이 거의 없어요 그리고 가족이나 친구와 대화 빈도가 적음, 외출이 드문 편임.",소규모 모임 참여,취미 모임이나 지역 커뮤니티처럼 작은 모임부터 참여를 시도해보세요. 한 번에 완벽하게 하려 하기보다 꾸준히 반복하는 것이 더 중요합니다.,사회활동,중
34,잠드는 데 시간이 너무 오래 걸려요 요즘 평균 수면 시간이 짧음 편이고 자주 깨서 수면의 질이 낮음도 함께 느껴집니다.,낮 시간 활동 늘리기,낮에 가벼운 산책과 햇빛 노출을 늘리면 수면 리듬 회복에 도움이 될 수 있습니다. 하루 목표를 너무 크게 잡지 말고 작은 실천부터 시작하세요.,수면,중
35,머리가 둔해진 느낌이에요,새로운 취미 시도,익숙하지 않은 새로운 취미를 배우며 뇌에 자극을 주세요. 가족이나 주변 사람과 함께 실천하면 지속하기가 더 쉬워집니다.,인지활동,중
36,"요즘 같은 말을 반복하게 돼요 그리고 물건 둔 곳을 자주 잊음, 가끔 같은 질문을 반복하게 됨.",인지 자극 활동,"단어 연상, 숫자 기억하기, 독서, 퍼즐처럼 가벼운 인지 자극 활동을 시작해보세요. 무리하지 않는 범위에서 천천히 습관을 만들어가는 것이 중요합니다.",인지활동,상
37,사람들과 어울리는 게 줄었어요 외출이 드문 편임.,소규모 모임 참여,취미 모임이나 지역 커뮤니티처럼 작은 모임부터 참여를 시도해보세요. 무리하지 않는 범위에서 천천히 습관을 만들어가는 것이 중요합니다.,사회활동,중
38,"부모님이 자주 잊어버리셔서 걱정돼요 그리고 물건 둔 곳을 자주 잊음, 최근 일이 잘 기억나지 않아 걱정됨.",전문 상담 고려,깜빡하는 일이 잦아지고 일상생활에 불편이 생기면 전문 상담을 받아보는 것이 좋습니다. 무리하지 않는 범위에서 천천히 습관을 만들어가는 것이 중요합니다.,상담,상
39,요즘 잠이 얕아진 것 같아요,수면 습관 회복,잠드는 시간과 기상 시간을 일정하게 맞추는 것부터 시작해보세요. 무리하지 않는 범위에서 천천히 습관을 만들어가는 것이 중요합니다.,수면,상
40,새벽에 자꾸 깨요,낮 시간 활동 늘리기,낮에 가벼운 산책과 햇빛 노출을 늘리면 수면 리듬 회복에 도움이 될 수 있습니다. 하루 목표를 너무 크게 잡지 말고 작은 실천부터 시작하세요.,수면,중
41,기분이 자주 가라앉아요 요즘 스트레스 수준이 높은 편임 편이고 혼자 있는 시간이 많음도 함께 느껴집니다.,스트레스 기록하기,하루 중 스트레스가 높아지는 상황을 적어보고 줄일 수 있는 방법을 찾아보세요. 하루 목표를 너무 크게 잡지 말고 작은 실천부터 시작하세요.,정서,중
42,인지 자극 활동이 필요할 것 같아요 집중력이 예전보다 떨어짐.,새로운 취미 시도,익숙하지 않은 새로운 취미를 배우며 뇌에 자극을 주세요. 한 번에 완벽하게 하려 하기보다 꾸준히 반복하는 것이 더 중요합니다.,인지활동,중
43,자주 깜빡해요 물건 둔 곳을 자주 잊음.,기억력 관찰 일지,최근 기억력 변화를 간단한 메모나 일기로 기록해보세요. 가족이나 주변 사람과 함께 실천하면 지속하기가 더 쉬워집니다.,인지관찰,상
44,하루 종일 앉아만 있어요 체력 저하를 느낌.,작은 목표 설정,하루 목표를 크게 잡기보다 일주일 단위의 작은 실천 목표를 세워보세요. 일주일 단위로 실천 여부를 점검하면 꾸준함을 유지하는 데 도움이 됩니다.,운동,중
45,"대화할 사람이 거의 없어요 그리고 사회적 교류가 부족함, 외출이 드문 편임.",사회적 교류 늘리기,가족이나 친구와 주 2회 이상 짧게라도 대화할 시간을 만들어보세요. 한 번에 완벽하게 하려 하기보다 꾸준히 반복하는 것이 더 중요합니다.,사회활동,상
46,건강하게 식사하는 습관을 만들고 싶어요,균형 잡힌 식단,"채소, 단백질, 수분 섭취를 늘리고 가공식품 비중을 줄여보세요. 하루 목표를 너무 크게 잡지 말고 작은 실천부터 시작하세요.",식습관,상
47,"수면 패턴이 너무 불규칙해요 그리고 평균 수면 시간이 짧음, 아침 피로가 큼.",수면 습관 회복,잠드는 시간과 기상 시간을 일정하게 맞추는 것부터 시작해보세요. 한 번에 완벽하게 하려 하기보다 꾸준히 반복하는 것이 더 중요합니다.,수면,상
48,독서나 퍼즐을 잘 안 하게 돼요 요즘 집중력이 예전보다 떨어짐 편이고 새로운 자극이 줄어듦도 함께 느껴집니다.,인지 자극 루틴,"독서, 퍼즐, 끝말잇기, 숫자 기억하기 같은 활동을 하루 10분씩 실천해보세요. 하루 목표를 너무 크게 잡지 말고 작은 실천부터 시작하세요.",인지활동,상
49,"운동을 시작하고 싶은데 의지가 안 나요 그리고 하루 대부분을 앉아서 보냄, 체력 저하를 느낌.",걷기 루틴 시작,하루 20분 산책부터 시작해 신체활동을 조금씩 늘려보세요. 가족이나 주변 사람과 함께 실천하면 지속하기가 더 쉬워집니다.,운동,상
50,"사회활동이 너무 적은 것 같아요 그리고 사회적 교류가 부족함, 가족이나 친구와 대화 빈도가 적음.",소규모 모임 참여,취미 모임이나 지역 커뮤니티처럼 작은 모임부터 참여를 시도해보세요. 무리하지 않는 범위에서 천천히 습관을 만들어가는 것이 중요합니다.,사회활동,중
51,하루 종일 앉아만 있어요 운동 빈도가 매우 낮음.,걷기 루틴 시작,하루 20분 산책부터 시작해 신체활동을 조금씩 늘려보세요. 한 번에 완벽하게 하려 하기보다 꾸준히 반복하는 것이 더 중요합니다.,운동,상
52,건강하게 식사하는 습관을 만들고 싶어요 수분 섭취가 부족함.,간단한 건강 식단,"부담이 적은 샐러드, 계란, 두부, 생선, 견과류 같은 식품을 자주 활용해보세요. 무리하지 않는 범위에서 천천히 습관을 만들어가는 것이 중요합니다.",식습관,중
53,"사람 만나는 게 귀찮아요 그리고 사회적 교류가 부족함, 외출이 드문 편임.",소규모 모임 참여,취미 모임이나 지역 커뮤니티처럼 작은 모임부터 참여를 시도해보세요. 무리하지 않는 범위에서 천천히 습관을 만들어가는 것이 중요합니다.,사회활동,중
54,수면 패턴이 너무 불규칙해요 자주 깨서 수면의 질이 낮음.,저녁 루틴 정비,취침 전 스마트폰 사용과 카페인 섭취를 줄여 수면의 질을 높여보세요. 하루 목표를 너무 크게 잡지 말고 작은 실천부터 시작하세요.,수면,상
55,밤낮이 자꾸 바뀌어요,수면 습관 회복,잠드는 시간과 기상 시간을 일정하게 맞추는 것부터 시작해보세요. 한 번에 완벽하게 하려 하기보다 꾸준히 반복하는 것이 더 중요합니다.,수면,상
56,"물도 잘 안 마셔요 그리고 인스턴트 섭취가 잦음, 식사 시간이 불규칙함.",균형 잡힌 식단,"채소, 단백질, 수분 섭취를 늘리고 가공식품 비중을 줄여보세요. 무리하지 않는 범위에서 천천히 습관을 만들어가는 것이 중요합니다.",식습관,상
57,인지 자극 활동이 필요할 것 같아요 요즘 새로운 자극이 줄어듦 편이고 독서나 퍼즐 같은 활동을 거의 하지 않음도 함께 느껴집니다.,인지 자극 루틴,"독서, 퍼즐, 끝말잇기, 숫자 기억하기 같은 활동을 하루 10분씩 실천해보세요. 하루 목표를 너무 크게 잡지 말고 작은 실천부터 시작하세요.",인지활동,상
58,영양이 불균형한 것 같아요 요즘 식사 시간이 불규칙함 편이고 수분 섭취가 부족함도 함께 느껴집니다.,균형 잡힌 식단,"채소, 단백질, 수분 섭취를 늘리고 가공식품 비중을 줄여보세요. 일주일 단위로 실천 여부를 점검하면 꾸준함을 유지하는 데 도움이 됩니다.",식습관,상
59,밤낮이 자꾸 바뀌어요 요즘 자주 깨서 수면의 질이 낮음 편이고 아침 피로가 큼도 함께 느껴집니다.,저녁 루틴 정비,취침 전 스마트폰 사용과 카페인 섭취를 줄여 수면의 질을 높여보세요. 한 번에 완벽하게 하려 하기보다 꾸준히 반복하는 것이 더 중요합니다.,수면,상
60,산책부터 시작해도 될까요? 요즘 체력 저하를 느낌 편이고 운동 빈도가 매우 낮음도 함께 느껴집니다.,작은 목표 설정,하루 목표를 크게 잡기보다 일주일 단위의 작은 실천 목표를 세워보세요. 일주일 단위로 실천 여부를 점검하면 꾸준함을 유지하는 데 도움이 됩니다.,운동,중
61,가끔 대화 내용을 놓쳐요 가끔 같은 질문을 반복하게 됨.,인지 자극 활동,"단어 연상, 숫자 기억하기, 독서, 퍼즐처럼 가벼운 인지 자극 활동을 시작해보세요. 일주일 단위로 실천 여부를 점검하면 꾸준함을 유지하는 데 도움이 됩니다.",인지활동,상
62,"혼자 있는 시간이 너무 많아요 그리고 외출이 드문 편임, 사회적 교류가 부족함.",소규모 모임 참여,취미 모임이나 지역 커뮤니티처럼 작은 모임부터 참여를 시도해보세요. 한 번에 완벽하게 하려 하기보다 꾸준히 반복하는 것이 더 중요합니다.,사회활동,중
63,수면 패턴이 너무 불규칙해요 요즘 아침 피로가 큼 편이고 평균 수면 시간이 짧음도 함께 느껴집니다.,낮 시간 활동 늘리기,낮에 가벼운 산책과 햇빛 노출을 늘리면 수면 리듬 회복에 도움이 될 수 있습니다. 가족이나 주변 사람과 함께 실천하면 지속하기가 더 쉬워집니다.,수면,중
64,요즘 잠이 얕아진 것 같아요 요즘 아침 피로가 큼 편이고 평균 수면 시간이 짧음도 함께 느껴집니다.,수면 습관 회복,잠드는 시간과 기상 시간을 일정하게 맞추는 것부터 시작해보세요. 하루 목표를 너무 크게 잡지 말고 작은 실천부터 시작하세요.,수면,상
65,기분이 자주 가라앉아요 혼자 있는 시간이 많음.,대화 시간 만들기,가족이나 친구와 짧게라도 정기적으로 대화할 시간을 정해보세요. 무리하지 않는 범위에서 천천히 습관을 만들어가는 것이 중요합니다.,사회활동,중
66,사회활동이 너무 적은 것 같아요 외출이 드문 편임.,소규모 모임 참여,취미 모임이나 지역 커뮤니티처럼 작은 모임부터 참여를 시도해보세요. 무리하지 않는 범위에서 천천히 습관을 만들어가는 것이 중요합니다.,사회활동,중
67,"끼니 시간이 너무 불규칙해요 그리고 식사 시간이 불규칙함, 수분 섭취가 부족함.",균형 잡힌 식단,"채소, 단백질, 수분 섭취를 늘리고 가공식품 비중을 줄여보세요. 무리하지 않는 범위에서 천천히 습관을 만들어가는 것이 중요합니다.",식습관,상
68,수면 시간이 너무 짧아요 아침 피로가 큼.,저녁 루틴 정비,취침 전 스마트폰 사용과 카페인 섭취를 줄여 수면의 질을 높여보세요. 가족이나 주변 사람과 함께 실천하면 지속하기가 더 쉬워집니다.,수면,상
69,"물건 둔 곳을 자주 잊어요 그리고 물건 둔 곳을 자주 잊음, 가끔 같은 질문을 반복하게 됨.",전문 상담 고려,깜빡하는 일이 잦아지고 일상생활에 불편이 생기면 전문 상담을 받아보는 것이 좋습니다. 일주일 단위로 실천 여부를 점검하면 꾸준함을 유지하는 데 도움이 됩니다.,상담,상
70,우울한 기분이 오래가요 요즘 혼자 있는 시간이 많음 편이고 스트레스 수준이 높은 편임도 함께 느껴집니다.,대화 시간 만들기,가족이나 친구와 짧게라도 정기적으로 대화할 시간을 정해보세요. 한 번에 완벽하게 하려 하기보다 꾸준히 반복하는 것이 더 중요합니다.,사회활동,중
71,새로운 걸 배우는 일이 줄었어요 요즘 새로운 자극이 줄어듦 편이고 집중력이 예전보다 떨어짐도 함께 느껴집니다.,새로운 취미 시도,익숙하지 않은 새로운 취미를 배우며 뇌에 자극을 주세요. 무리하지 않는 범위에서 천천히 습관을 만들어가는 것이 중요합니다.,인지활동,중
72,사람들과 어울리는 게 줄었어요 외출이 드문 편임.,가벼운 외출 계획,"산책, 카페 방문, 근처 장보기처럼 부담이 적은 외출부터 시작해보세요. 일주일 단위로 실천 여부를 점검하면 꾸준함을 유지하는 데 도움이 됩니다.",사회활동,중
73,마음이 답답하고 스트레스가 많아요 기분이 자주 가라앉음.,스트레스 기록하기,하루 중 스트레스가 높아지는 상황을 적어보고 줄일 수 있는 방법을 찾아보세요. 한 번에 완벽하게 하려 하기보다 꾸준히 반복하는 것이 더 중요합니다.,정서,중
74,잠을 자도 개운하지 않아요 요즘 평균 수면 시간이 짧음 편이고 자주 깨서 수면의 질이 낮음도 함께 느껴집니다.,수면 습관 회복,잠드는 시간과 기상 시간을 일정하게 맞추는 것부터 시작해보세요. 한 번에 완벽하게 하려 하기보다 꾸준히 반복하는 것이 더 중요합니다.,수면,상
75,운동을 시작하고 싶은데 의지가 안 나요,걷기 루틴 시작,하루 20분 산책부터 시작해 신체활동을 조금씩 늘려보세요. 가족이나 주변 사람과 함께 실천하면 지속하기가 더 쉬워집니다.,운동,상
76,"누군가와 대화하는 시간이 거의 없어요 그리고 외출이 드문 편임, 가족이나 친구와 대화 빈도가 적음.",소규모 모임 참여,취미 모임이나 지역 커뮤니티처럼 작은 모임부터 참여를 시도해보세요. 무리하지 않는 범위에서 천천히 습관을 만들어가는 것이 중요합니다.,사회활동,중
77,인지훈련 게임이 도움이 될까요?,새로운 취미 시도,익숙하지 않은 새로운 취미를 배우며 뇌에 자극을 주세요. 하루 목표를 너무 크게 잡지 말고 작은 실천부터 시작하세요.,인지활동,중
78,인지훈련 게임이 도움이 될까요? 독서나 퍼즐 같은 활동을 거의 하지 않음.,새로운 취미 시도,익숙하지 않은 새로운 취미를 배우며 뇌에 자극을 주세요. 가족이나 주변 사람과 함께 실천하면 지속하기가 더 쉬워집니다.,인지활동,중
79,하루 종일 기운이 없어요,대화 시간 만들기,가족이나 친구와 짧게라도 정기적으로 대화할 시간을 정해보세요. 한 번에 완벽하게 하려 하기보다 꾸준히 반복하는 것이 더 중요합니다.,사회활동,중
80,"새로운 걸 배우는 일이 줄었어요 그리고 새로운 자극이 줄어듦, 독서나 퍼즐 같은 활동을 거의 하지 않음.",새로운 취미 시도,익숙하지 않은 새로운 취미를 배우며 뇌에 자극을 주세요. 가족이나 주변 사람과 함께 실천하면 지속하기가 더 쉬워집니다.,인지활동,중
81,아침에 일어나도 피곤해요 요즘 평균 수면 시간이 짧음 편이고 아침 피로가 큼도 함께 느껴집니다.,수면 습관 회복,잠드는 시간과 기상 시간을 일정하게 맞추는 것부터 시작해보세요. 가족이나 주변 사람과 함께 실천하면 지속하기가 더 쉬워집니다.,수면,상
82,"요즘 무기력하고 의욕이 없어요 그리고 스트레스 수준이 높은 편임, 기분이 자주 가라앉음.",정서 회복 루틴,"짧은 산책, 호흡 운동, 감사일기처럼 부담이 적은 감정 관리 루틴을 실천해보세요. 가족이나 주변 사람과 함께 실천하면 지속하기가 더 쉬워집니다.",정서,상
83,우울한 기분이 오래가요 혼자 있는 시간이 많음.,대화 시간 만들기,가족이나 친구와 짧게라도 정기적으로 대화할 시간을 정해보세요. 한 번에 완벽하게 하려 하기보다 꾸준히 반복하는 것이 더 중요합니다.,사회활동,중
84,규칙적인 운동을 시작하고 싶어요 체력 저하를 느낌.,작은 목표 설정,하루 목표를 크게 잡기보다 일주일 단위의 작은 실천 목표를 세워보세요. 일주일 단위로 실천 여부를 점검하면 꾸준함을 유지하는 데 도움이 됩니다.,운동,중
85,"인지훈련 게임이 도움이 될까요? 그리고 독서나 퍼즐 같은 활동을 거의 하지 않음, 새로운 자극이 줄어듦.",새로운 취미 시도,익숙하지 않은 새로운 취미를 배우며 뇌에 자극을 주세요. 일주일 단위로 실천 여부를 점검하면 꾸준함을 유지하는 데 도움이 됩니다.,인지활동,중
86,사람 만나는 게 귀찮아요 요즘 외출이 드문 편임 편이고 사회적 교류가 부족함도 함께 느껴집니다.,가벼운 외출 계획,"산책, 카페 방문, 근처 장보기처럼 부담이 적은 외출부터 시작해보세요. 무리하지 않는 범위에서 천천히 습관을 만들어가는 것이 중요합니다.",사회활동,중
87,사람들과 어울리는 게 줄었어요 요즘 사회적 교류가 부족함 편이고 가족이나 친구와 대화 빈도가 적음도 함께 느껴집니다.,가벼운 외출 계획,"산책, 카페 방문, 근처 장보기처럼 부담이 적은 외출부터 시작해보세요. 가족이나 주변 사람과 함께 실천하면 지속하기가 더 쉬워집니다.",사회활동,중
88,식사를 자주 거릅니다,균형 잡힌 식단,"채소, 단백질, 수분 섭취를 늘리고 가공식품 비중을 줄여보세요. 한 번에 완벽하게 하려 하기보다 꾸준히 반복하는 것이 더 중요합니다.",식습관,상
89,독서나 퍼즐을 잘 안 하게 돼요 집중력이 예전보다 떨어짐.,인지 자극 루틴,"독서, 퍼즐, 끝말잇기, 숫자 기억하기 같은 활동을 하루 10분씩 실천해보세요. 가족이나 주변 사람과 함께 실천하면 지속하기가 더 쉬워집니다.",인지활동,상
90,운동을 시작하고 싶은데 의지가 안 나요 하루 대부분을 앉아서 보냄.,작은 목표 설정,하루 목표를 크게 잡기보다 일주일 단위의 작은 실천 목표를 세워보세요. 하루 목표를 너무 크게 잡지 말고 작은 실천부터 시작하세요.,운동,중
91,새로운 걸 배우는 일이 줄었어요,두뇌 활동 시간 확보,매일 일정한 시간에 뇌를 쓰는 활동을 정해 습관처럼 이어가보세요. 가족이나 주변 사람과 함께 실천하면 지속하기가 더 쉬워집니다.,인지활동,중
92,"요즘 같은 말을 반복하게 돼요 그리고 가끔 같은 질문을 반복하게 됨, 최근 일이 잘 기억나지 않아 걱정됨.",전문 상담 고려,깜빡하는 일이 잦아지고 일상생활에 불편이 생기면 전문 상담을 받아보는 것이 좋습니다. 하루 목표를 너무 크게 잡지 말고 작은 실천부터 시작하세요.,상담,상
93,인지 자극 활동이 필요할 것 같아요,새로운 취미 시도,익숙하지 않은 새로운 취미를 배우며 뇌에 자극을 주세요. 가족이나 주변 사람과 함께 실천하면 지속하기가 더 쉬워집니다.,인지활동,중
94,물건 둔 곳을 자주 잊어요 요즘 최근 일이 잘 기억나지 않아 걱정됨 편이고 물건 둔 곳을 자주 잊음도 함께 느껴집니다.,전문 상담 고려,깜빡하는 일이 잦아지고 일상생활에 불편이 생기면 전문 상담을 받아보는 것이 좋습니다. 하루 목표를 너무 크게 잡지 말고 작은 실천부터 시작하세요.,상담,상
95,잠드는 데 시간이 너무 오래 걸려요 자주 깨서 수면의 질이 낮음.,저녁 루틴 정비,취침 전 스마트폰 사용과 카페인 섭취를 줄여 수면의 질을 높여보세요. 일주일 단위로 실천 여부를 점검하면 꾸준함을 유지하는 데 도움이 됩니다.,수면,상
96,"운동 습관을 만들고 싶어요 그리고 체력 저하를 느낌, 운동 빈도가 매우 낮음.",작은 목표 설정,하루 목표를 크게 잡기보다 일주일 단위의 작은 실천 목표를 세워보세요. 무리하지 않는 범위에서 천천히 습관을 만들어가는 것이 중요합니다.,운동,중
97,사람들과 어울리는 게 줄었어요,소규모 모임 참여,취미 모임이나 지역 커뮤니티처럼 작은 모임부터 참여를 시도해보세요. 무리하지 않는 범위에서 천천히 습관을 만들어가는 것이 중요합니다.,사회활동,중
98,사람들과 어울리는 게 줄었어요 요즘 외출이 드문 편임 편이고 가족이나 친구와 대화 빈도가 적음도 함께 느껴집니다.,사회적 교류 늘리기,가족이나 친구와 주 2회 이상 짧게라도 대화할 시간을 만들어보세요. 가족이나 주변 사람과 함께 실천하면 지속하기가 더 쉬워집니다.,사회활동,상
99,가족이나 친구와 연락이 뜸해요,사회적 교류 늘리기,가족이나 친구와 주 2회 이상 짧게라도 대화할 시간을 만들어보세요. 한 번에 완벽하게 하려 하기보다 꾸준히 반복하는 것이 더 중요합니다.,사회활동,상
100,외출 빈도가 너무 적어요,소규모 모임 참여,취미 모임이나 지역 커뮤니티처럼 작은 모임부터 참여를 시도해보세요. 가족이나 주변 사람과 함께 실천하면 지속하기가 더 쉬워집니다.,사회활동,중
101,운동을 꾸준히 못 하고 있어요,작은 목표 설정,하루 목표를 크게 잡기보다 일주일 단위의 작은 실천 목표를 세워보세요. 한 번에 완벽하게 하려 하기보다 꾸준히 반복하는 것이 더 중요합니다.,운동,중
102,밤낮이 자꾸 바뀌어요,저녁 루틴 정비,취침 전 스마트폰 사용과 카페인 섭취를 줄여 수면의 질을 높여보세요. 하루 목표를 너무 크게 잡지 말고 작은 실천부터 시작하세요.,수면,상
103,"잠을 자도 개운하지 않아요 그리고 평균 수면 시간이 짧음, 아침 피로가 큼.",낮 시간 활동 늘리기,낮에 가벼운 산책과 햇빛 노출을 늘리면 수면 리듬 회복에 도움이 될 수 있습니다. 한 번에 완벽하게 하려 하기보다 꾸준히 반복하는 것이 더 중요합니다.,수면,중
104,운동 습관을 만들고 싶어요 요즘 운동 빈도가 매우 낮음 편이고 체력 저하를 느낌도 함께 느껴집니다.,작은 목표 설정,하루 목표를 크게 잡기보다 일주일 단위의 작은 실천 목표를 세워보세요. 하루 목표를 너무 크게 잡지 말고 작은 실천부터 시작하세요.,운동,중
105,잠을 잘 못 자요,낮 시간 활동 늘리기,낮에 가벼운 산책과 햇빛 노출을 늘리면 수면 리듬 회복에 도움이 될 수 있습니다. 가족이나 주변 사람과 함께 실천하면 지속하기가 더 쉬워집니다.,수면,중
106,"집에만 있어서 답답해요 그리고 가족이나 친구와 대화 빈도가 적음, 사회적 교류가 부족함.",소규모 모임 참여,취미 모임이나 지역 커뮤니티처럼 작은 모임부터 참여를 시도해보세요. 한 번에 완벽하게 하려 하기보다 꾸준히 반복하는 것이 더 중요합니다.,사회활동,중
107,"기억력 훈련을 해보고 싶어요 그리고 집중력이 예전보다 떨어짐, 독서나 퍼즐 같은 활동을 거의 하지 않음.",두뇌 활동 시간 확보,매일 일정한 시간에 뇌를 쓰는 활동을 정해 습관처럼 이어가보세요. 무리하지 않는 범위에서 천천히 습관을 만들어가는 것이 중요합니다.,인지활동,중
108,사회활동이 너무 적은 것 같아요,가벼운 외출 계획,"산책, 카페 방문, 근처 장보기처럼 부담이 적은 외출부터 시작해보세요. 하루 목표를 너무 크게 잡지 말고 작은 실천부터 시작하세요.",사회활동,중
109,"기억력이 예전보다 떨어진 것 같아요 그리고 최근 일이 잘 기억나지 않아 걱정됨, 가끔 같은 질문을 반복하게 됨.",전문 상담 고려,깜빡하는 일이 잦아지고 일상생활에 불편이 생기면 전문 상담을 받아보는 것이 좋습니다. 가족이나 주변 사람과 함께 실천하면 지속하기가 더 쉬워집니다.,상담,상
110,식사를 자주 거릅니다,식사 시간 고정,하루 세 끼 식사 시간을 일정하게 맞추는 것부터 시작해보세요. 하루 목표를 너무 크게 잡지 말고 작은 실천부터 시작하세요.,식습관,상
111,"아침에 일어나도 피곤해요 그리고 자주 깨서 수면의 질이 낮음, 아침 피로가 큼.",낮 시간 활동 늘리기,낮에 가벼운 산책과 햇빛 노출을 늘리면 수면 리듬 회복에 도움이 될 수 있습니다. 하루 목표를 너무 크게 잡지 말고 작은 실천부터 시작하세요.,수면,중
112,"요즘 같은 말을 반복하게 돼요 그리고 최근 일이 잘 기억나지 않아 걱정됨, 가끔 같은 질문을 반복하게 됨.",전문 상담 고려,깜빡하는 일이 잦아지고 일상생활에 불편이 생기면 전문 상담을 받아보는 것이 좋습니다. 일주일 단위로 실천 여부를 점검하면 꾸준함을 유지하는 데 도움이 됩니다.,상담,상
113,자주 깜빡해요,전문 상담 고려,깜빡하는 일이 잦아지고 일상생활에 불편이 생기면 전문 상담을 받아보는 것이 좋습니다. 무리하지 않는 범위에서 천천히 습관을 만들어가는 것이 중요합니다.,상담,상
114,물도 잘 안 마셔요 요즘 인스턴트 섭취가 잦음 편이고 식사 시간이 불규칙함도 함께 느껴집니다.,간단한 건강 식단,"부담이 적은 샐러드, 계란, 두부, 생선, 견과류 같은 식품을 자주 활용해보세요. 무리하지 않는 범위에서 천천히 습관을 만들어가는 것이 중요합니다.",식습관,중
115,뇌를 좀 더 쓰는 활동이 필요할까요? 집중력이 예전보다 떨어짐.,두뇌 활동 시간 확보,매일 일정한 시간에 뇌를 쓰는 활동을 정해 습관처럼 이어가보세요. 일주일 단위로 실천 여부를 점검하면 꾸준함을 유지하는 데 도움이 됩니다.,인지활동,중
116,물도 잘 안 마셔요 식사 시간이 불규칙함.,간단한 건강 식단,"부담이 적은 샐러드, 계란, 두부, 생선, 견과류 같은 식품을 자주 활용해보세요. 가족이나 주변 사람과 함께 실천하면 지속하기가 더 쉬워집니다.",식습관,중
117,누군가와 대화하는 시간이 거의 없어요 요즘 사회적 교류가 부족함 편이고 가족이나 친구와 대화 빈도가 적음도 함께 느껴집니다.,소규모 모임 참여,취미 모임이나 지역 커뮤니티처럼 작은 모임부터 참여를 시도해보세요. 가족이나 주변 사람과 함께 실천하면 지속하기가 더 쉬워집니다.,사회활동,중
118,"사람들과 어울리는 게 줄었어요 그리고 외출이 드문 편임, 사회적 교류가 부족함.",가벼운 외출 계획,"산책, 카페 방문, 근처 장보기처럼 부담이 적은 외출부터 시작해보세요. 일주일 단위로 실천 여부를 점검하면 꾸준함을 유지하는 데 도움이 됩니다.",사회활동,중
119,"새벽에 자꾸 깨요 그리고 아침 피로가 큼, 자주 깨서 수면의 질이 낮음.",수면 습관 회복,잠드는 시간과 기상 시간을 일정하게 맞추는 것부터 시작해보세요. 무리하지 않는 범위에서 천천히 습관을 만들어가는 것이 중요합니다.,수면,상
120,기분이 자주 가라앉아요,대화 시간 만들기,가족이나 친구와 짧게라도 정기적으로 대화할 시간을 정해보세요. 가족이나 주변 사람과 함께 실천하면 지속하기가 더 쉬워집니다.,사회활동,중
121,잠을 잘 못 자요,수면 습관 회복,잠드는 시간과 기상 시간을 일정하게 맞추는 것부터 시작해보세요. 한 번에 완벽하게 하려 하기보다 꾸준히 반복하는 것이 더 중요합니다.,수면,상
122,"잠드는 데 시간이 너무 오래 걸려요 그리고 자주 깨서 수면의 질이 낮음, 아침 피로가 큼.",저녁 루틴 정비,취침 전 스마트폰 사용과 카페인 섭취를 줄여 수면의 질을 높여보세요. 한 번에 완벽하게 하려 하기보다 꾸준히 반복하는 것이 더 중요합니다.,수면,상
123,체력이 너무 떨어진 것 같아요,작은 목표 설정,하루 목표를 크게 잡기보다 일주일 단위의 작은 실천 목표를 세워보세요. 한 번에 완벽하게 하려 하기보다 꾸준히 반복하는 것이 더 중요합니다.,운동,중
124,수면 시간이 너무 짧아요,저녁 루틴 정비,취침 전 스마트폰 사용과 카페인 섭취를 줄여 수면의 질을 높여보세요. 한 번에 완벽하게 하려 하기보다 꾸준히 반복하는 것이 더 중요합니다.,수면,상
125,아침에 일어나도 피곤해요 요즘 자주 깨서 수면의 질이 낮음 편이고 아침 피로가 큼도 함께 느껴집니다.,저녁 루틴 정비,취침 전 스마트폰 사용과 카페인 섭취를 줄여 수면의 질을 높여보세요. 무리하지 않는 범위에서 천천히 습관을 만들어가는 것이 중요합니다.,수면,상
126,"밤낮이 자꾸 바뀌어요 그리고 평균 수면 시간이 짧음, 자주 깨서 수면의 질이 낮음.",수면 습관 회복,잠드는 시간과 기상 시간을 일정하게 맞추는 것부터 시작해보세요. 한 번에 완벽하게 하려 하기보다 꾸준히 반복하는 것이 더 중요합니다.,수면,상
127,대화할 사람이 거의 없어요 요즘 가족이나 친구와 대화 빈도가 적음 편이고 외출이 드문 편임도 함께 느껴집니다.,소규모 모임 참여,취미 모임이나 지역 커뮤니티처럼 작은 모임부터 참여를 시도해보세요. 일주일 단위로 실천 여부를 점검하면 꾸준함을 유지하는 데 도움이 됩니다.,사회활동,중
128,마음이 답답하고 스트레스가 많아요 요즘 스트레스 수준이 높은 편임 편이고 혼자 있는 시간이 많음도 함께 느껴집니다.,스트레스 기록하기,하루 중 스트레스가 높아지는 상황을 적어보고 줄일 수 있는 방법을 찾아보세요. 무리하지 않는 범위에서 천천히 습관을 만들어가는 것이 중요합니다.,정서,중
129,"요즘 사소한 일에도 불안해요 그리고 혼자 있는 시간이 많음, 스트레스 수준이 높은 편임.",스트레스 기록하기,하루 중 스트레스가 높아지는 상황을 적어보고 줄일 수 있는 방법을 찾아보세요. 하루 목표를 너무 크게 잡지 말고 작은 실천부터 시작하세요.,정서,중
130,대화할 사람이 거의 없어요 사회적 교류가 부족함.,가벼운 외출 계획,"산책, 카페 방문, 근처 장보기처럼 부담이 적은 외출부터 시작해보세요. 가족이나 주변 사람과 함께 실천하면 지속하기가 더 쉬워집니다.",사회활동,중
131,수면 시간이 너무 짧아요 자주 깨서 수면의 질이 낮음.,낮 시간 활동 늘리기,낮에 가벼운 산책과 햇빛 노출을 늘리면 수면 리듬 회복에 도움이 될 수 있습니다. 가족이나 주변 사람과 함께 실천하면 지속하기가 더 쉬워집니다.,수면,중
132,머리가 둔해진 느낌이에요,두뇌 활동 시간 확보,매일 일정한 시간에 뇌를 쓰는 활동을 정해 습관처럼 이어가보세요. 무리하지 않는 범위에서 천천히 습관을 만들어가는 것이 중요합니다.,인지활동,중
133,독서나 퍼즐을 잘 안 하게 돼요 요즘 집중력이 예전보다 떨어짐 편이고 독서나 퍼즐 같은 활동을 거의 하지 않음도 함께 느껴집니다.,두뇌 활동 시간 확보,매일 일정한 시간에 뇌를 쓰는 활동을 정해 습관처럼 이어가보세요. 한 번에 완벽하게 하려 하기보다 꾸준히 반복하는 것이 더 중요합니다.,인지활동,중
134,"방금 하려던 일을 자꾸 잊어버려요 그리고 최근 일이 잘 기억나지 않아 걱정됨, 가끔 같은 질문을 반복하게 됨.",인지 자극 활동,"단어 연상, 숫자 기억하기, 독서, 퍼즐처럼 가벼운 인지 자극 활동을 시작해보세요. 일주일 단위로 실천 여부를 점검하면 꾸준함을 유지하는 데 도움이 됩니다.",인지활동,상
135,건강하게 식사하는 습관을 만들고 싶어요,식사 시간 고정,하루 세 끼 식사 시간을 일정하게 맞추는 것부터 시작해보세요. 한 번에 완벽하게 하려 하기보다 꾸준히 반복하는 것이 더 중요합니다.,식습관,상
136,치매 예방에 좋은 음식이 궁금해요 인스턴트 섭취가 잦음.,간단한 건강 식단,"부담이 적은 샐러드, 계란, 두부, 생선, 견과류 같은 식품을 자주 활용해보세요. 하루 목표를 너무 크게 잡지 말고 작은 실천부터 시작하세요.",식습관,중
137,기억력이 예전보다 떨어진 것 같아요,인지 자극 활동,"단어 연상, 숫자 기억하기, 독서, 퍼즐처럼 가벼운 인지 자극 활동을 시작해보세요. 무리하지 않는 범위에서 천천히 습관을 만들어가는 것이 중요합니다.",인지활동,상
138,집중력이 예전보다 떨어졌어요,인지 자극 루틴,"독서, 퍼즐, 끝말잇기, 숫자 기억하기 같은 활동을 하루 10분씩 실천해보세요. 일주일 단위로 실천 여부를 점검하면 꾸준함을 유지하는 데 도움이 됩니다.",인지활동,상
139,"수면 패턴이 너무 불규칙해요 그리고 자주 깨서 수면의 질이 낮음, 아침 피로가 큼.",낮 시간 활동 늘리기,낮에 가벼운 산책과 햇빛 노출을 늘리면 수면 리듬 회복에 도움이 될 수 있습니다. 무리하지 않는 범위에서 천천히 습관을 만들어가는 것이 중요합니다.,수면,중
140,몸을 좀 움직여야 할 것 같아요,걷기 루틴 시작,하루 20분 산책부터 시작해 신체활동을 조금씩 늘려보세요. 무리하지 않는 범위에서 천천히 습관을 만들어가는 것이 중요합니다.,운동,상
141,외출 빈도가 너무 적어요 요즘 사회적 교류가 부족함 편이고 외출이 드문 편임도 함께 느껴집니다.,소규모 모임 참여,취미 모임이나 지역 커뮤니티처럼 작은 모임부터 참여를 시도해보세요. 무리하지 않는 범위에서 천천히 습관을 만들어가는 것이 중요합니다.,사회활동,중
142,새벽에 자꾸 깨요,수면 습관 회복,잠드는 시간과 기상 시간을 일정하게 맞추는 것부터 시작해보세요. 무리하지 않는 범위에서 천천히 습관을 만들어가는 것이 중요합니다.,수면,상
143,인지훈련 게임이 도움이 될까요? 요즘 집중력이 예전보다 떨어짐 편이고 새로운 자극이 줄어듦도 함께 느껴집니다.,인지 자극 루틴,"독서, 퍼즐, 끝말잇기, 숫자 기억하기 같은 활동을 하루 10분씩 실천해보세요. 가족이나 주변 사람과 함께 실천하면 지속하기가 더 쉬워집니다.",인지활동,상
144,물건 둔 곳을 자주 잊어요,전문 상담 고려,깜빡하는 일이 잦아지고 일상생활에 불편이 생기면 전문 상담을 받아보는 것이 좋습니다. 무리하지 않는 범위에서 천천히 습관을 만들어가는 것이 중요합니다.,상담,상
145,마음이 답답하고 스트레스가 많아요,대화 시간 만들기,가족이나 친구와 짧게라도 정기적으로 대화할 시간을 정해보세요. 하루 목표를 너무 크게 잡지 말고 작은 실천부터 시작하세요.,사회활동,중
146,규칙적인 운동을 시작하고 싶어요,작은 목표 설정,하루 목표를 크게 잡기보다 일주일 단위의 작은 실천 목표를 세워보세요. 하루 목표를 너무 크게 잡지 말고 작은 실천부터 시작하세요.,운동,중
147,입맛이 없어서 식사를 자주 빼먹어요,간단한 건강 식단,"부담이 적은 샐러드, 계란, 두부, 생선, 견과류 같은 식품을 자주 활용해보세요. 하루 목표를 너무 크게 잡지 말고 작은 실천부터 시작하세요.",식습관,중
148,자주 깜빡해요,인지 자극 활동,"단어 연상, 숫자 기억하기, 독서, 퍼즐처럼 가벼운 인지 자극 활동을 시작해보세요. 무리하지 않는 범위에서 천천히 습관을 만들어가는 것이 중요합니다.",인지활동,상
149,"건강하게 식사하는 습관을 만들고 싶어요 그리고 식사 시간이 불규칙함, 인스턴트 섭취가 잦음.",간단한 건강 식단,"부담이 적은 샐러드, 계란, 두부, 생선, 견과류 같은 식품을 자주 활용해보세요. 하루 목표를 너무 크게 잡지 말고 작은 실천부터 시작하세요.",식습관,중
150,"최근에 깜빡하는 일이 늘었어요 그리고 가끔 같은 질문을 반복하게 됨, 물건 둔 곳을 자주 잊음.",인지 자극 활동,"단어 연상, 숫자 기억하기, 독서, 퍼즐처럼 가벼운 인지 자극 활동을 시작해보세요. 가족이나 주변 사람과 함께 실천하면 지속하기가 더 쉬워집니다.",인지활동,상
151,"사람 만나는 게 귀찮아요 그리고 외출이 드문 편임, 사회적 교류가 부족함.",소규모 모임 참여,취미 모임이나 지역 커뮤니티처럼 작은 모임부터 참여를 시도해보세요. 일주일 단위로 실천 여부를 점검하면 꾸준함을 유지하는 데 도움이 됩니다.,사회활동,중
152,우울한 기분이 오래가요 요즘 스트레스 수준이 높은 편임 편이고 기분이 자주 가라앉음도 함께 느껴집니다.,스트레스 기록하기,하루 중 스트레스가 높아지는 상황을 적어보고 줄일 수 있는 방법을 찾아보세요. 하루 목표를 너무 크게 잡지 말고 작은 실천부터 시작하세요.,정서,중
153,규칙적인 운동을 시작하고 싶어요,작은 목표 설정,하루 목표를 크게 잡기보다 일주일 단위의 작은 실천 목표를 세워보세요. 하루 목표를 너무 크게 잡지 말고 작은 실천부터 시작하세요.,운동,중
154,물도 잘 안 마셔요 인스턴트 섭취가 잦음.,식사 시간 고정,하루 세 끼 식사 시간을 일정하게 맞추는 것부터 시작해보세요. 가족이나 주변 사람과 함께 실천하면 지속하기가 더 쉬워집니다.,식습관,상
155,스트레스를 어떻게 줄여야 할지 모르겠어요,대화 시간 만들기,가족이나 친구와 짧게라도 정기적으로 대화할 시간을 정해보세요. 하루 목표를 너무 크게 잡지 말고 작은 실천부터 시작하세요.,사회활동,중
156,스트레스를 어떻게 줄여야 할지 모르겠어요,정서 회복 루틴,"짧은 산책, 호흡 운동, 감사일기처럼 부담이 적은 감정 관리 루틴을 실천해보세요. 일주일 단위로 실천 여부를 점검하면 꾸준함을 유지하는 데 도움이 됩니다.",정서,상
157,혼자 있는 시간이 너무 많아요,사회적 교류 늘리기,가족이나 친구와 주 2회 이상 짧게라도 대화할 시간을 만들어보세요. 하루 목표를 너무 크게 잡지 말고 작은 실천부터 시작하세요.,사회활동,상
158,규칙적인 운동을 시작하고 싶어요 요즘 운동 빈도가 매우 낮음 편이고 하루 대부분을 앉아서 보냄도 함께 느껴집니다.,걷기 루틴 시작,하루 20분 산책부터 시작해 신체활동을 조금씩 늘려보세요. 무리하지 않는 범위에서 천천히 습관을 만들어가는 것이 중요합니다.,운동,상
159,사람들과 어울리는 게 줄었어요,가벼운 외출 계획,"산책, 카페 방문, 근처 장보기처럼 부담이 적은 외출부터 시작해보세요. 한 번에 완벽하게 하려 하기보다 꾸준히 반복하는 것이 더 중요합니다.",사회활동,중
160,활동량이 너무 적어요 요즘 체력 저하를 느낌 편이고 운동 빈도가 매우 낮음도 함께 느껴집니다.,작은 목표 설정,하루 목표를 크게 잡기보다 일주일 단위의 작은 실천 목표를 세워보세요. 가족이나 주변 사람과 함께 실천하면 지속하기가 더 쉬워집니다.,운동,중
161,"입맛이 없어서 식사를 자주 빼먹어요 그리고 수분 섭취가 부족함, 인스턴트 섭취가 잦음.",균형 잡힌 식단,"채소, 단백질, 수분 섭취를 늘리고 가공식품 비중을 줄여보세요. 하루 목표를 너무 크게 잡지 말고 작은 실천부터 시작하세요.",식습관,상
162,"인지훈련 게임이 도움이 될까요? 그리고 집중력이 예전보다 떨어짐, 새로운 자극이 줄어듦.",새로운 취미 시도,익숙하지 않은 새로운 취미를 배우며 뇌에 자극을 주세요. 무리하지 않는 범위에서 천천히 습관을 만들어가는 것이 중요합니다.,인지활동,중
163,"요즘 같은 말을 반복하게 돼요 그리고 최근 일이 잘 기억나지 않아 걱정됨, 물건 둔 곳을 자주 잊음.",인지 자극 활동,"단어 연상, 숫자 기억하기, 독서, 퍼즐처럼 가벼운 인지 자극 활동을 시작해보세요. 무리하지 않는 범위에서 천천히 습관을 만들어가는 것이 중요합니다.",인지활동,상
164,"머리가 둔해진 느낌이에요 그리고 새로운 자극이 줄어듦, 집중력이 예전보다 떨어짐.",인지 자극 루틴,"독서, 퍼즐, 끝말잇기, 숫자 기억하기 같은 활동을 하루 10분씩 실천해보세요. 한 번에 완벽하게 하려 하기보다 꾸준히 반복하는 것이 더 중요합니다.",인지활동,상
165,"건강하게 식사하는 습관을 만들고 싶어요 그리고 식사 시간이 불규칙함, 인스턴트 섭취가 잦음.",균형 잡힌 식단,"채소, 단백질, 수분 섭취를 늘리고 가공식품 비중을 줄여보세요. 한 번에 완벽하게 하려 하기보다 꾸준히 반복하는 것이 더 중요합니다.",식습관,상
166,집중력이 예전보다 떨어졌어요 새로운 자극이 줄어듦.,인지 자극 루틴,"독서, 퍼즐, 끝말잇기, 숫자 기억하기 같은 활동을 하루 10분씩 실천해보세요. 일주일 단위로 실천 여부를 점검하면 꾸준함을 유지하는 데 도움이 됩니다.",인지활동,상
167,"기억력이 예전보다 떨어진 것 같아요 그리고 가끔 같은 질문을 반복하게 됨, 물건 둔 곳을 자주 잊음.",전문 상담 고려,깜빡하는 일이 잦아지고 일상생활에 불편이 생기면 전문 상담을 받아보는 것이 좋습니다. 무리하지 않는 범위에서 천천히 습관을 만들어가는 것이 중요합니다.,상담,상
168,집중력이 예전보다 떨어졌어요 집중력이 예전보다 떨어짐.,두뇌 활동 시간 확보,매일 일정한 시간에 뇌를 쓰는 활동을 정해 습관처럼 이어가보세요. 무리하지 않는 범위에서 천천히 습관을 만들어가는 것이 중요합니다.,인지활동,중
169,수면 시간이 너무 짧아요,낮 시간 활동 늘리기,낮에 가벼운 산책과 햇빛 노출을 늘리면 수면 리듬 회복에 도움이 될 수 있습니다. 가족이나 주변 사람과 함께 실천하면 지속하기가 더 쉬워집니다.,수면,중
170,약속을 자주 잊어버려서 걱정돼요,전문 상담 고려,깜빡하는 일이 잦아지고 일상생활에 불편이 생기면 전문 상담을 받아보는 것이 좋습니다. 무리하지 않는 범위에서 천천히 습관을 만들어가는 것이 중요합니다.,상담,상
171,혼자 있는 시간이 많아 외로워요 혼자 있는 시간이 많음.,대화 시간 만들기,가족이나 친구와 짧게라도 정기적으로 대화할 시간을 정해보세요. 가족이나 주변 사람과 함께 실천하면 지속하기가 더 쉬워집니다.,사회활동,중
172,집중력이 예전보다 떨어졌어요 새로운 자극이 줄어듦.,새로운 취미 시도,익숙하지 않은 새로운 취미를 배우며 뇌에 자극을 주세요. 가족이나 주변 사람과 함께 실천하면 지속하기가 더 쉬워집니다.,인지활동,중
173,가끔 대화 내용을 놓쳐요 요즘 물건 둔 곳을 자주 잊음 편이고 최근 일이 잘 기억나지 않아 걱정됨도 함께 느껴집니다.,전문 상담 고려,깜빡하는 일이 잦아지고 일상생활에 불편이 생기면 전문 상담을 받아보는 것이 좋습니다. 가족이나 주변 사람과 함께 실천하면 지속하기가 더 쉬워집니다.,상담,상
174,운동 습관을 만들고 싶어요 요즘 하루 대부분을 앉아서 보냄 편이고 운동 빈도가 매우 낮음도 함께 느껴집니다.,걷기 루틴 시작,하루 20분 산책부터 시작해 신체활동을 조금씩 늘려보세요. 하루 목표를 너무 크게 잡지 말고 작은 실천부터 시작하세요.,운동,상
175,건강하게 식사하는 습관을 만들고 싶어요 수분 섭취가 부족함.,균형 잡힌 식단,"채소, 단백질, 수분 섭취를 늘리고 가공식품 비중을 줄여보세요. 무리하지 않는 범위에서 천천히 습관을 만들어가는 것이 중요합니다.",식습관,상
176,운동을 꾸준히 못 하고 있어요 하루 대부분을 앉아서 보냄.,가벼운 스트레칭,아침과 저녁에 10분 정도 전신 스트레칭을 실천해보세요. 한 번에 완벽하게 하려 하기보다 꾸준히 반복하는 것이 더 중요합니다.,운동,중
177,끼니 시간이 너무 불규칙해요,간단한 건강 식단,"부담이 적은 샐러드, 계란, 두부, 생선, 견과류 같은 식품을 자주 활용해보세요. 일주일 단위로 실천 여부를 점검하면 꾸준함을 유지하는 데 도움이 됩니다.",식습관,중
178,"최근에 깜빡하는 일이 늘었어요 그리고 물건 둔 곳을 자주 잊음, 가끔 같은 질문을 반복하게 됨.",기억력 관찰 일지,최근 기억력 변화를 간단한 메모나 일기로 기록해보세요. 가족이나 주변 사람과 함께 실천하면 지속하기가 더 쉬워집니다.,인지관찰,상
179,머리를 쓰는 활동을 거의 안 해요 새로운 자극이 줄어듦.,인지 자극 루틴,"독서, 퍼즐, 끝말잇기, 숫자 기억하기 같은 활동을 하루 10분씩 실천해보세요. 일주일 단위로 실천 여부를 점검하면 꾸준함을 유지하는 데 도움이 됩니다.",인지활동,상
180,자주 깜빡해요 가끔 같은 질문을 반복하게 됨.,기억력 관찰 일지,최근 기억력 변화를 간단한 메모나 일기로 기록해보세요. 하루 목표를 너무 크게 잡지 말고 작은 실천부터 시작하세요.,인지관찰,상
181,"물도 잘 안 마셔요 그리고 인스턴트 섭취가 잦음, 수분 섭취가 부족함.",간단한 건강 식단,"부담이 적은 샐러드, 계란, 두부, 생선, 견과류 같은 식품을 자주 활용해보세요. 가족이나 주변 사람과 함께 실천하면 지속하기가 더 쉬워집니다.",식습관,중
182,사회활동이 너무 적은 것 같아요 요즘 가족이나 친구와 대화 빈도가 적음 편이고 사회적 교류가 부족함도 함께 느껴집니다.,가벼운 외출 계획,"산책, 카페 방문, 근처 장보기처럼 부담이 적은 외출부터 시작해보세요. 일주일 단위로 실천 여부를 점검하면 꾸준함을 유지하는 데 도움이 됩니다.",사회활동,중
183,가족이나 친구와 연락이 뜸해요 요즘 가족이나 친구와 대화 빈도가 적음 편이고 사회적 교류가 부족함도 함께 느껴집니다.,가벼운 외출 계획,"산책, 카페 방문, 근처 장보기처럼 부담이 적은 외출부터 시작해보세요. 무리하지 않는 범위에서 천천히 습관을 만들어가는 것이 중요합니다.",사회활동,중
184,새벽에 자꾸 깨요,저녁 루틴 정비,취침 전 스마트폰 사용과 카페인 섭취를 줄여 수면의 질을 높여보세요. 한 번에 완벽하게 하려 하기보다 꾸준히 반복하는 것이 더 중요합니다.,수면,상
185,요즘 잠이 얕아진 것 같아요 아침 피로가 큼.,낮 시간 활동 늘리기,낮에 가벼운 산책과 햇빛 노출을 늘리면 수면 리듬 회복에 도움이 될 수 있습니다. 한 번에 완벽하게 하려 하기보다 꾸준히 반복하는 것이 더 중요합니다.,수면,중
186,운동을 시작하고 싶은데 의지가 안 나요 요즘 하루 대부분을 앉아서 보냄 편이고 체력 저하를 느낌도 함께 느껴집니다.,가벼운 스트레칭,아침과 저녁에 10분 정도 전신 스트레칭을 실천해보세요. 일주일 단위로 실천 여부를 점검하면 꾸준함을 유지하는 데 도움이 됩니다.,운동,중
187,요즘 사소한 일에도 불안해요 스트레스 수준이 높은 편임.,스트레스 기록하기,하루 중 스트레스가 높아지는 상황을 적어보고 줄일 수 있는 방법을 찾아보세요. 일주일 단위로 실천 여부를 점검하면 꾸준함을 유지하는 데 도움이 됩니다.,정서,중
188,"운동 습관을 만들고 싶어요 그리고 체력 저하를 느낌, 하루 대부분을 앉아서 보냄.",가벼운 스트레칭,아침과 저녁에 10분 정도 전신 스트레칭을 실천해보세요. 일주일 단위로 실천 여부를 점검하면 꾸준함을 유지하는 데 도움이 됩니다.,운동,중
189,"체력이 너무 떨어진 것 같아요 그리고 운동 빈도가 매우 낮음, 체력 저하를 느낌.",가벼운 스트레칭,아침과 저녁에 10분 정도 전신 스트레칭을 실천해보세요. 한 번에 완벽하게 하려 하기보다 꾸준히 반복하는 것이 더 중요합니다.,운동,중
190,사람 만나는 게 귀찮아요,사회적 교류 늘리기,가족이나 친구와 주 2회 이상 짧게라도 대화할 시간을 만들어보세요. 가족이나 주변 사람과 함께 실천하면 지속하기가 더 쉬워집니다.,사회활동,상
191,밖에 잘 안 나가요 가족이나 친구와 대화 빈도가 적음.,사회적 교류 늘리기,가족이나 친구와 주 2회 이상 짧게라도 대화할 시간을 만들어보세요. 한 번에 완벽하게 하려 하기보다 꾸준히 반복하는 것이 더 중요합니다.,사회활동,상
192,"기억력이 예전보다 떨어진 것 같아요 그리고 가끔 같은 질문을 반복하게 됨, 최근 일이 잘 기억나지 않아 걱정됨.",인지 자극 활동,"단어 연상, 숫자 기억하기, 독서, 퍼즐처럼 가벼운 인지 자극 활동을 시작해보세요. 일주일 단위로 실천 여부를 점검하면 꾸준함을 유지하는 데 도움이 됩니다.",인지활동,상
193,활동량이 너무 적어요 요즘 체력 저하를 느낌 편이고 운동 빈도가 매우 낮음도 함께 느껴집니다.,가벼운 스트레칭,아침과 저녁에 10분 정도 전신 스트레칭을 실천해보세요. 하루 목표를 너무 크게 잡지 말고 작은 실천부터 시작하세요.,운동,중
194,"하루 종일 앉아만 있어요 그리고 하루 대부분을 앉아서 보냄, 운동 빈도가 매우 낮음.",작은 목표 설정,하루 목표를 크게 잡기보다 일주일 단위의 작은 실천 목표를 세워보세요. 한 번에 완벽하게 하려 하기보다 꾸준히 반복하는 것이 더 중요합니다.,운동,중
195,방금 하려던 일을 자꾸 잊어버려요,기억력 관찰 일지,최근 기억력 변화를 간단한 메모나 일기로 기록해보세요. 무리하지 않는 범위에서 천천히 습관을 만들어가는 것이 중요합니다.,인지관찰,상
196,새벽에 자꾸 깨요,수면 습관 회복,잠드는 시간과 기상 시간을 일정하게 맞추는 것부터 시작해보세요. 일주일 단위로 실천 여부를 점검하면 꾸준함을 유지하는 데 도움이 됩니다.,수면,상
197,집중력이 예전보다 떨어졌어요 요즘 집중력이 예전보다 떨어짐 편이고 새로운 자극이 줄어듦도 함께 느껴집니다.,새로운 취미 시도,익숙하지 않은 새로운 취미를 배우며 뇌에 자극을 주세요. 하루 목표를 너무 크게 잡지 말고 작은 실천부터 시작하세요.,인지활동,중
198,수면 시간이 너무 짧아요 요즘 아침 피로가 큼 편이고 자주 깨서 수면의 질이 낮음도 함께 느껴집니다.,수면 습관 회복,잠드는 시간과 기상 시간을 일정하게 맞추는 것부터 시작해보세요. 하루 목표를 너무 크게 잡지 말고 작은 실천부터 시작하세요.,수면,상
199,방금 하려던 일을 자꾸 잊어버려요 최근 일이 잘 기억나지 않아 걱정됨.,기억력 관찰 일지,최근 기억력 변화를 간단한 메모나 일기로 기록해보세요. 가족이나 주변 사람과 함께 실천하면 지속하기가 더 쉬워집니다.,인지관찰,상
200,"머리가 둔해진 느낌이에요 그리고 새로운 자극이 줄어듦, 집중력이 예전보다 떨어짐.",두뇌 활동 시간 확보,매일 일정한 시간에 뇌를 쓰는 활동을 정해 습관처럼 이어가보세요. 가족이나 주변 사람과 함께 실천하면 지속하기가 더 쉬워집니다.,인지활동,중
201,"식사를 자주 거릅니다 그리고 인스턴트 섭취가 잦음, 수분 섭취가 부족함.",간단한 건강 식단,"부담이 적은 샐러드, 계란, 두부, 생선, 견과류 같은 식품을 자주 활용해보세요. 한 번에 완벽하게 하려 하기보다 꾸준히 반복하는 것이 더 중요합니다.",식습관,중
202,"사람들과 어울리는 게 줄었어요 그리고 가족이나 친구와 대화 빈도가 적음, 사회적 교류가 부족함.",소규모 모임 참여,취미 모임이나 지역 커뮤니티처럼 작은 모임부터 참여를 시도해보세요. 가족이나 주변 사람과 함께 실천하면 지속하기가 더 쉬워집니다.,사회활동,중
203,물건 둔 곳을 자주 잊어요 요즘 물건 둔 곳을 자주 잊음 편이고 가끔 같은 질문을 반복하게 됨도 함께 느껴집니다.,전문 상담 고려,깜빡하는 일이 잦아지고 일상생활에 불편이 생기면 전문 상담을 받아보는 것이 좋습니다. 한 번에 완벽하게 하려 하기보다 꾸준히 반복하는 것이 더 중요합니다.,상담,상
204,독서나 퍼즐을 잘 안 하게 돼요 새로운 자극이 줄어듦.,새로운 취미 시도,익숙하지 않은 새로운 취미를 배우며 뇌에 자극을 주세요. 가족이나 주변 사람과 함께 실천하면 지속하기가 더 쉬워집니다.,인지활동,중
205,"과식을 자주 해요 그리고 인스턴트 섭취가 잦음, 식사 시간이 불규칙함.",균형 잡힌 식단,"채소, 단백질, 수분 섭취를 늘리고 가공식품 비중을 줄여보세요. 무리하지 않는 범위에서 천천히 습관을 만들어가는 것이 중요합니다.",식습관,상
206,"물건 둔 곳을 자주 잊어요 그리고 가끔 같은 질문을 반복하게 됨, 물건 둔 곳을 자주 잊음.",전문 상담 고려,깜빡하는 일이 잦아지고 일상생활에 불편이 생기면 전문 상담을 받아보는 것이 좋습니다. 하루 목표를 너무 크게 잡지 말고 작은 실천부터 시작하세요.,상담,상
207,"운동을 시작하고 싶은데 의지가 안 나요 그리고 체력 저하를 느낌, 하루 대부분을 앉아서 보냄.",가벼운 스트레칭,아침과 저녁에 10분 정도 전신 스트레칭을 실천해보세요. 일주일 단위로 실천 여부를 점검하면 꾸준함을 유지하는 데 도움이 됩니다.,운동,중
208,독서나 퍼즐을 잘 안 하게 돼요 요즘 새로운 자극이 줄어듦 편이고 독서나 퍼즐 같은 활동을 거의 하지 않음도 함께 느껴집니다.,두뇌 활동 시간 확보,매일 일정한 시간에 뇌를 쓰는 활동을 정해 습관처럼 이어가보세요. 무리하지 않는 범위에서 천천히 습관을 만들어가는 것이 중요합니다.,인지활동,중
209,"새로운 걸 배우는 일이 줄었어요 그리고 독서나 퍼즐 같은 활동을 거의 하지 않음, 집중력이 예전보다 떨어짐.",두뇌 활동 시간 확보,매일 일정한 시간에 뇌를 쓰는 활동을 정해 습관처럼 이어가보세요. 가족이나 주변 사람과 함께 실천하면 지속하기가 더 쉬워집니다.,인지활동,중
210,감정 기복이 심한 것 같아요 요즘 기분이 자주 가라앉음 편이고 혼자 있는 시간이 많음도 함께 느껴집니다.,정서 회복 루틴,"짧은 산책, 호흡 운동, 감사일기처럼 부담이 적은 감정 관리 루틴을 실천해보세요. 한 번에 완벽하게 하려 하기보다 꾸준히 반복하는 것이 더 중요합니다.",정서,상
211,"자주 깨서 푹 못 자요 그리고 아침 피로가 큼, 평균 수면 시간이 짧음.",저녁 루틴 정비,취침 전 스마트폰 사용과 카페인 섭취를 줄여 수면의 질을 높여보세요. 한 번에 완벽하게 하려 하기보다 꾸준히 반복하는 것이 더 중요합니다.,수면,상
212,"몸을 좀 움직여야 할 것 같아요 그리고 운동 빈도가 매우 낮음, 하루 대부분을 앉아서 보냄.",가벼운 스트레칭,아침과 저녁에 10분 정도 전신 스트레칭을 실천해보세요. 한 번에 완벽하게 하려 하기보다 꾸준히 반복하는 것이 더 중요합니다.,운동,중
213,활동량이 너무 적어요 하루 대부분을 앉아서 보냄.,가벼운 스트레칭,아침과 저녁에 10분 정도 전신 스트레칭을 실천해보세요. 하루 목표를 너무 크게 잡지 말고 작은 실천부터 시작하세요.,운동,중
214,"요즘 잠이 얕아진 것 같아요 그리고 자주 깨서 수면의 질이 낮음, 아침 피로가 큼.",낮 시간 활동 늘리기,낮에 가벼운 산책과 햇빛 노출을 늘리면 수면 리듬 회복에 도움이 될 수 있습니다. 무리하지 않는 범위에서 천천히 습관을 만들어가는 것이 중요합니다.,수면,중
215,입맛이 없어서 식사를 자주 빼먹어요 수분 섭취가 부족함.,균형 잡힌 식단,"채소, 단백질, 수분 섭취를 늘리고 가공식품 비중을 줄여보세요. 한 번에 완벽하게 하려 하기보다 꾸준히 반복하는 것이 더 중요합니다.",식습관,상
216,집에만 있어서 답답해요 가족이나 친구와 대화 빈도가 적음.,사회적 교류 늘리기,가족이나 친구와 주 2회 이상 짧게라도 대화할 시간을 만들어보세요. 하루 목표를 너무 크게 잡지 말고 작은 실천부터 시작하세요.,사회활동,상
217,아침에 일어나도 피곤해요,저녁 루틴 정비,취침 전 스마트폰 사용과 카페인 섭취를 줄여 수면의 질을 높여보세요. 한 번에 완벽하게 하려 하기보다 꾸준히 반복하는 것이 더 중요합니다.,수면,상
218,운동을 꾸준히 못 하고 있어요 요즘 체력 저하를 느낌 편이고 하루 대부분을 앉아서 보냄도 함께 느껴집니다.,가벼운 스트레칭,아침과 저녁에 10분 정도 전신 스트레칭을 실천해보세요. 일주일 단위로 실천 여부를 점검하면 꾸준함을 유지하는 데 도움이 됩니다.,운동,중
219,뇌를 좀 더 쓰는 활동이 필요할까요? 요즘 독서나 퍼즐 같은 활동을 거의 하지 않음 편이고 집중력이 예전보다 떨어짐도 함께 느껴집니다.,두뇌 활동 시간 확보,매일 일정한 시간에 뇌를 쓰는 활동을 정해 습관처럼 이어가보세요. 가족이나 주변 사람과 함께 실천하면 지속하기가 더 쉬워집니다.,인지활동,중
220,인지 자극 활동이 필요할 것 같아요,새로운 취미 시도,익숙하지 않은 새로운 취미를 배우며 뇌에 자극을 주세요. 일주일 단위로 실천 여부를 점검하면 꾸준함을 유지하는 데 도움이 됩니다.,인지활동,중
221,물건 둔 곳을 자주 잊어요 요즘 가끔 같은 질문을 반복하게 됨 편이고 최근 일이 잘 기억나지 않아 걱정됨도 함께 느껴집니다.,기억력 관찰 일지,최근 기억력 변화를 간단한 메모나 일기로 기록해보세요. 무리하지 않는 범위에서 천천히 습관을 만들어가는 것이 중요합니다.,인지관찰,상
222,감정 기복이 심한 것 같아요,스트레스 기록하기,하루 중 스트레스가 높아지는 상황을 적어보고 줄일 수 있는 방법을 찾아보세요. 가족이나 주변 사람과 함께 실천하면 지속하기가 더 쉬워집니다.,정서,중
223,"규칙적인 운동을 시작하고 싶어요 그리고 운동 빈도가 매우 낮음, 하루 대부분을 앉아서 보냄.",걷기 루틴 시작,하루 20분 산책부터 시작해 신체활동을 조금씩 늘려보세요. 무리하지 않는 범위에서 천천히 습관을 만들어가는 것이 중요합니다.,운동,상
224,가족이나 친구와 연락이 뜸해요 요즘 가족이나 친구와 대화 빈도가 적음 편이고 사회적 교류가 부족함도 함께 느껴집니다.,소규모 모임 참여,취미 모임이나 지역 커뮤니티처럼 작은 모임부터 참여를 시도해보세요. 한 번에 완벽하게 하려 하기보다 꾸준히 반복하는 것이 더 중요합니다.,사회활동,중
225,인스턴트 음식을 자주 먹어요 수분 섭취가 부족함.,균형 잡힌 식단,"채소, 단백질, 수분 섭취를 늘리고 가공식품 비중을 줄여보세요. 한 번에 완벽하게 하려 하기보다 꾸준히 반복하는 것이 더 중요합니다.",식습관,상
226,운동 습관을 만들고 싶어요 요즘 운동 빈도가 매우 낮음 편이고 하루 대부분을 앉아서 보냄도 함께 느껴집니다.,작은 목표 설정,하루 목표를 크게 잡기보다 일주일 단위의 작은 실천 목표를 세워보세요. 일주일 단위로 실천 여부를 점검하면 꾸준함을 유지하는 데 도움이 됩니다.,운동,중
227,약속을 자주 잊어버려서 걱정돼요 최근 일이 잘 기억나지 않아 걱정됨.,기억력 관찰 일지,최근 기억력 변화를 간단한 메모나 일기로 기록해보세요. 무리하지 않는 범위에서 천천히 습관을 만들어가는 것이 중요합니다.,인지관찰,상
228,마음이 답답하고 스트레스가 많아요 요즘 혼자 있는 시간이 많음 편이고 기분이 자주 가라앉음도 함께 느껴집니다.,대화 시간 만들기,가족이나 친구와 짧게라도 정기적으로 대화할 시간을 정해보세요. 하루 목표를 너무 크게 잡지 말고 작은 실천부터 시작하세요.,사회활동,중
229,"요즘 밥을 제대로 못 챙겨 먹어요 그리고 식사 시간이 불규칙함, 수분 섭취가 부족함.",간단한 건강 식단,"부담이 적은 샐러드, 계란, 두부, 생선, 견과류 같은 식품을 자주 활용해보세요. 무리하지 않는 범위에서 천천히 습관을 만들어가는 것이 중요합니다.",식습관,중
230,가족이나 친구와 연락이 뜸해요 사회적 교류가 부족함.,소규모 모임 참여,취미 모임이나 지역 커뮤니티처럼 작은 모임부터 참여를 시도해보세요. 한 번에 완벽하게 하려 하기보다 꾸준히 반복하는 것이 더 중요합니다.,사회활동,중
231,"인지훈련 게임이 도움이 될까요? 그리고 새로운 자극이 줄어듦, 독서나 퍼즐 같은 활동을 거의 하지 않음.",인지 자극 루틴,"독서, 퍼즐, 끝말잇기, 숫자 기억하기 같은 활동을 하루 10분씩 실천해보세요. 한 번에 완벽하게 하려 하기보다 꾸준히 반복하는 것이 더 중요합니다.",인지활동,상
232,새로운 걸 배우는 일이 줄었어요 독서나 퍼즐 같은 활동을 거의 하지 않음.,인지 자극 루틴,"독서, 퍼즐, 끝말잇기, 숫자 기억하기 같은 활동을 하루 10분씩 실천해보세요. 하루 목표를 너무 크게 잡지 말고 작은 실천부터 시작하세요.",인지활동,상
233,최근 일이 잘 기억나지 않아요,기억력 관찰 일지,최근 기억력 변화를 간단한 메모나 일기로 기록해보세요. 가족이나 주변 사람과 함께 실천하면 지속하기가 더 쉬워집니다.,인지관찰,상
234,머리가 둔해진 느낌이에요 집중력이 예전보다 떨어짐.,새로운 취미 시도,익숙하지 않은 새로운 취미를 배우며 뇌에 자극을 주세요. 일주일 단위로 실천 여부를 점검하면 꾸준함을 유지하는 데 도움이 됩니다.,인지활동,중
235,"누군가와 대화하는 시간이 거의 없어요 그리고 외출이 드문 편임, 사회적 교류가 부족함.",가벼운 외출 계획,"산책, 카페 방문, 근처 장보기처럼 부담이 적은 외출부터 시작해보세요. 무리하지 않는 범위에서 천천히 습관을 만들어가는 것이 중요합니다.",사회활동,중
236,가끔 대화 내용을 놓쳐요,기억력 관찰 일지,최근 기억력 변화를 간단한 메모나 일기로 기록해보세요. 가족이나 주변 사람과 함께 실천하면 지속하기가 더 쉬워집니다.,인지관찰,상
237,"치매 예방에 좋은 음식이 궁금해요 그리고 인스턴트 섭취가 잦음, 식사 시간이 불규칙함.",간단한 건강 식단,"부담이 적은 샐러드, 계란, 두부, 생선, 견과류 같은 식품을 자주 활용해보세요. 무리하지 않는 범위에서 천천히 습관을 만들어가는 것이 중요합니다.",식습관,중
238,사람들과 어울리는 게 줄었어요 요즘 가족이나 친구와 대화 빈도가 적음 편이고 외출이 드문 편임도 함께 느껴집니다.,가벼운 외출 계획,"산책, 카페 방문, 근처 장보기처럼 부담이 적은 외출부터 시작해보세요. 무리하지 않는 범위에서 천천히 습관을 만들어가는 것이 중요합니다.",사회활동,중
239,건강하게 식사하는 습관을 만들고 싶어요,간단한 건강 식단,"부담이 적은 샐러드, 계란, 두부, 생선, 견과류 같은 식품을 자주 활용해보세요. 하루 목표를 너무 크게 잡지 말고 작은 실천부터 시작하세요.",식습관,중
240,최근 일이 잘 기억나지 않아요 요즘 물건 둔 곳을 자주 잊음 편이고 최근 일이 잘 기억나지 않아 걱정됨도 함께 느껴집니다.,전문 상담 고려,깜빡하는 일이 잦아지고 일상생활에 불편이 생기면 전문 상담을 받아보는 것이 좋습니다. 무리하지 않는 범위에서 천천히 습관을 만들어가는 것이 중요합니다.,상담,상
241,요즘 잠이 얕아진 것 같아요 아침 피로가 큼.,낮 시간 활동 늘리기,낮에 가벼운 산책과 햇빛 노출을 늘리면 수면 리듬 회복에 도움이 될 수 있습니다. 한 번에 완벽하게 하려 하기보다 꾸준히 반복하는 것이 더 중요합니다.,수면,중
242,기억력 훈련을 해보고 싶어요 요즘 새로운 자극이 줄어듦 편이고 독서나 퍼즐 같은 활동을 거의 하지 않음도 함께 느껴집니다.,새로운 취미 시도,익숙하지 않은 새로운 취미를 배우며 뇌에 자극을 주세요. 한 번에 완벽하게 하려 하기보다 꾸준히 반복하는 것이 더 중요합니다.,인지활동,중
243,집에만 있어서 답답해요 사회적 교류가 부족함.,소규모 모임 참여,취미 모임이나 지역 커뮤니티처럼 작은 모임부터 참여를 시도해보세요. 가족이나 주변 사람과 함께 실천하면 지속하기가 더 쉬워집니다.,사회활동,중
244,새벽에 자꾸 깨요,낮 시간 활동 늘리기,낮에 가벼운 산책과 햇빛 노출을 늘리면 수면 리듬 회복에 도움이 될 수 있습니다. 한 번에 완벽하게 하려 하기보다 꾸준히 반복하는 것이 더 중요합니다.,수면,중
245,치매 예방에 좋은 음식이 궁금해요 인스턴트 섭취가 잦음.,간단한 건강 식단,"부담이 적은 샐러드, 계란, 두부, 생선, 견과류 같은 식품을 자주 활용해보세요. 일주일 단위로 실천 여부를 점검하면 꾸준함을 유지하는 데 도움이 됩니다.",식습관,중
246,물건 둔 곳을 자주 잊어요 가끔 같은 질문을 반복하게 됨.,기억력 관찰 일지,최근 기억력 변화를 간단한 메모나 일기로 기록해보세요. 일주일 단위로 실천 여부를 점검하면 꾸준함을 유지하는 데 도움이 됩니다.,인지관찰,상
247,집에만 있어서 답답해요 요즘 가족이나 친구와 대화 빈도가 적음 편이고 사회적 교류가 부족함도 함께 느껴집니다.,가벼운 외출 계획,"산책, 카페 방문, 근처 장보기처럼 부담이 적은 외출부터 시작해보세요. 일주일 단위로 실천 여부를 점검하면 꾸준함을 유지하는 데 도움이 됩니다.",사회활동,중
248,머리를 쓰는 활동을 거의 안 해요 요즘 집중력이 예전보다 떨어짐 편이고 새로운 자극이 줄어듦도 함께 느껴집니다.,인지 자극 루틴,"독서, 퍼즐, 끝말잇기, 숫자 기억하기 같은 활동을 하루 10분씩 실천해보세요. 한 번에 완벽하게 하려 하기보다 꾸준히 반복하는 것이 더 중요합니다.",인지활동,상
249,"요즘 사소한 일에도 불안해요 그리고 혼자 있는 시간이 많음, 스트레스 수준이 높은 편임.",스트레스 기록하기,하루 중 스트레스가 높아지는 상황을 적어보고 줄일 수 있는 방법을 찾아보세요. 일주일 단위로 실천 여부를 점검하면 꾸준함을 유지하는 데 도움이 됩니다.,정서,중
250,수면 패턴이 너무 불규칙해요,낮 시간 활동 늘리기,낮에 가벼운 산책과 햇빛 노출을 늘리면 수면 리듬 회복에 도움이 될 수 있습니다. 하루 목표를 너무 크게 잡지 말고 작은 실천부터 시작하세요.,수면,중
251,집에만 있어서 답답해요 가족이나 친구와 대화 빈도가 적음.,가벼운 외출 계획,"산책, 카페 방문, 근처 장보기처럼 부담이 적은 외출부터 시작해보세요. 가족이나 주변 사람과 함께 실천하면 지속하기가 더 쉬워집니다.",사회활동,중
252,머리를 쓰는 활동을 거의 안 해요 요즘 새로운 자극이 줄어듦 편이고 독서나 퍼즐 같은 활동을 거의 하지 않음도 함께 느껴집니다.,두뇌 활동 시간 확보,매일 일정한 시간에 뇌를 쓰는 활동을 정해 습관처럼 이어가보세요. 일주일 단위로 실천 여부를 점검하면 꾸준함을 유지하는 데 도움이 됩니다.,인지활동,중
253,"운동을 시작하고 싶은데 의지가 안 나요 그리고 하루 대부분을 앉아서 보냄, 운동 빈도가 매우 낮음.",작은 목표 설정,하루 목표를 크게 잡기보다 일주일 단위의 작은 실천 목표를 세워보세요. 한 번에 완벽하게 하려 하기보다 꾸준히 반복하는 것이 더 중요합니다.,운동,중
254,"머리를 쓰는 활동을 거의 안 해요 그리고 독서나 퍼즐 같은 활동을 거의 하지 않음, 새로운 자극이 줄어듦.",새로운 취미 시도,익숙하지 않은 새로운 취미를 배우며 뇌에 자극을 주세요. 무리하지 않는 범위에서 천천히 습관을 만들어가는 것이 중요합니다.,인지활동,중
255,요즘 밥을 제대로 못 챙겨 먹어요,식사 시간 고정,하루 세 끼 식사 시간을 일정하게 맞추는 것부터 시작해보세요. 하루 목표를 너무 크게 잡지 말고 작은 실천부터 시작하세요.,식습관,상
256,체력이 너무 떨어진 것 같아요 요즘 하루 대부분을 앉아서 보냄 편이고 체력 저하를 느낌도 함께 느껴집니다.,가벼운 스트레칭,아침과 저녁에 10분 정도 전신 스트레칭을 실천해보세요. 한 번에 완벽하게 하려 하기보다 꾸준히 반복하는 것이 더 중요합니다.,운동,중
257,"새벽에 자꾸 깨요 그리고 평균 수면 시간이 짧음, 자주 깨서 수면의 질이 낮음.",수면 습관 회복,잠드는 시간과 기상 시간을 일정하게 맞추는 것부터 시작해보세요. 한 번에 완벽하게 하려 하기보다 꾸준히 반복하는 것이 더 중요합니다.,수면,상
258,요즘 밥을 제대로 못 챙겨 먹어요,식사 시간 고정,하루 세 끼 식사 시간을 일정하게 맞추는 것부터 시작해보세요. 한 번에 완벽하게 하려 하기보다 꾸준히 반복하는 것이 더 중요합니다.,식습관,상
259,"요즘 잠이 얕아진 것 같아요 그리고 자주 깨서 수면의 질이 낮음, 아침 피로가 큼.",저녁 루틴 정비,취침 전 스마트폰 사용과 카페인 섭취를 줄여 수면의 질을 높여보세요. 하루 목표를 너무 크게 잡지 말고 작은 실천부터 시작하세요.,수면,상
260,새로운 걸 배우는 일이 줄었어요 집중력이 예전보다 떨어짐.,두뇌 활동 시간 확보,매일 일정한 시간에 뇌를 쓰는 활동을 정해 습관처럼 이어가보세요. 일주일 단위로 실천 여부를 점검하면 꾸준함을 유지하는 데 도움이 됩니다.,인지활동,중
261,뇌를 좀 더 쓰는 활동이 필요할까요?,인지 자극 루틴,"독서, 퍼즐, 끝말잇기, 숫자 기억하기 같은 활동을 하루 10분씩 실천해보세요. 무리하지 않는 범위에서 천천히 습관을 만들어가는 것이 중요합니다.",인지활동,상
262,"요즘 잠이 얕아진 것 같아요 그리고 평균 수면 시간이 짧음, 자주 깨서 수면의 질이 낮음.",저녁 루틴 정비,취침 전 스마트폰 사용과 카페인 섭취를 줄여 수면의 질을 높여보세요. 하루 목표를 너무 크게 잡지 말고 작은 실천부터 시작하세요.,수면,상
263,"자주 깜빡해요 그리고 물건 둔 곳을 자주 잊음, 가끔 같은 질문을 반복하게 됨.",인지 자극 활동,"단어 연상, 숫자 기억하기, 독서, 퍼즐처럼 가벼운 인지 자극 활동을 시작해보세요. 가족이나 주변 사람과 함께 실천하면 지속하기가 더 쉬워집니다.",인지활동,상
264,물도 잘 안 마셔요,식사 시간 고정,하루 세 끼 식사 시간을 일정하게 맞추는 것부터 시작해보세요. 일주일 단위로 실천 여부를 점검하면 꾸준함을 유지하는 데 도움이 됩니다.,식습관,상
265,영양이 불균형한 것 같아요 인스턴트 섭취가 잦음.,식사 시간 고정,하루 세 끼 식사 시간을 일정하게 맞추는 것부터 시작해보세요. 무리하지 않는 범위에서 천천히 습관을 만들어가는 것이 중요합니다.,식습관,상
266,몸을 좀 움직여야 할 것 같아요 요즘 체력 저하를 느낌 편이고 하루 대부분을 앉아서 보냄도 함께 느껴집니다.,가벼운 스트레칭,아침과 저녁에 10분 정도 전신 스트레칭을 실천해보세요. 하루 목표를 너무 크게 잡지 말고 작은 실천부터 시작하세요.,운동,중
267,"기억력이 예전보다 떨어진 것 같아요 그리고 최근 일이 잘 기억나지 않아 걱정됨, 가끔 같은 질문을 반복하게 됨.",전문 상담 고려,깜빡하는 일이 잦아지고 일상생활에 불편이 생기면 전문 상담을 받아보는 것이 좋습니다. 무리하지 않는 범위에서 천천히 습관을 만들어가는 것이 중요합니다.,상담,상
268,"머리가 둔해진 느낌이에요 그리고 새로운 자극이 줄어듦, 독서나 퍼즐 같은 활동을 거의 하지 않음.",두뇌 활동 시간 확보,매일 일정한 시간에 뇌를 쓰는 활동을 정해 습관처럼 이어가보세요. 하루 목표를 너무 크게 잡지 말고 작은 실천부터 시작하세요.,인지활동,중
269,인지 자극 활동이 필요할 것 같아요,새로운 취미 시도,익숙하지 않은 새로운 취미를 배우며 뇌에 자극을 주세요. 하루 목표를 너무 크게 잡지 말고 작은 실천부터 시작하세요.,인지활동,중
270,자주 깜빡해요,기억력 관찰 일지,최근 기억력 변화를 간단한 메모나 일기로 기록해보세요. 하루 목표를 너무 크게 잡지 말고 작은 실천부터 시작하세요.,인지관찰,상
271,머리가 둔해진 느낌이에요 집중력이 예전보다 떨어짐.,새로운 취미 시도,익숙하지 않은 새로운 취미를 배우며 뇌에 자극을 주세요. 일주일 단위로 실천 여부를 점검하면 꾸준함을 유지하는 데 도움이 됩니다.,인지활동,중
272,자주 깜빡해요 가끔 같은 질문을 반복하게 됨.,기억력 관찰 일지,최근 기억력 변화를 간단한 메모나 일기로 기록해보세요. 무리하지 않는 범위에서 천천히 습관을 만들어가는 것이 중요합니다.,인지관찰,상
273,새벽에 자꾸 깨요,저녁 루틴 정비,취침 전 스마트폰 사용과 카페인 섭취를 줄여 수면의 질을 높여보세요. 하루 목표를 너무 크게 잡지 말고 작은 실천부터 시작하세요.,수면,상
274,우울한 기분이 오래가요 요즘 혼자 있는 시간이 많음 편이고 기분이 자주 가라앉음도 함께 느껴집니다.,정서 회복 루틴,"짧은 산책, 호흡 운동, 감사일기처럼 부담이 적은 감정 관리 루틴을 실천해보세요. 가족이나 주변 사람과 함께 실천하면 지속하기가 더 쉬워집니다.",정서,상
275,누군가와 대화하는 시간이 거의 없어요 외출이 드문 편임.,소규모 모임 참여,취미 모임이나 지역 커뮤니티처럼 작은 모임부터 참여를 시도해보세요. 일주일 단위로 실천 여부를 점검하면 꾸준함을 유지하는 데 도움이 됩니다.,사회활동,중
276,요즘 사소한 일에도 불안해요 혼자 있는 시간이 많음.,대화 시간 만들기,가족이나 친구와 짧게라도 정기적으로 대화할 시간을 정해보세요. 무리하지 않는 범위에서 천천히 습관을 만들어가는 것이 중요합니다.,사회활동,중
277,"체력이 너무 떨어진 것 같아요 그리고 체력 저하를 느낌, 하루 대부분을 앉아서 보냄.",가벼운 스트레칭,아침과 저녁에 10분 정도 전신 스트레칭을 실천해보세요. 하루 목표를 너무 크게 잡지 말고 작은 실천부터 시작하세요.,운동,중
278,혼자 있는 시간이 많아 외로워요 요즘 혼자 있는 시간이 많음 편이고 스트레스 수준이 높은 편임도 함께 느껴집니다.,정서 회복 루틴,"짧은 산책, 호흡 운동, 감사일기처럼 부담이 적은 감정 관리 루틴을 실천해보세요. 일주일 단위로 실천 여부를 점검하면 꾸준함을 유지하는 데 도움이 됩니다.",정서,상
279,"가볍게 할 수 있는 운동이 필요해요 그리고 운동 빈도가 매우 낮음, 하루 대부분을 앉아서 보냄.",가벼운 스트레칭,아침과 저녁에 10분 정도 전신 스트레칭을 실천해보세요. 일주일 단위로 실천 여부를 점검하면 꾸준함을 유지하는 데 도움이 됩니다.,운동,중
280,요즘 사소한 일에도 불안해요 스트레스 수준이 높은 편임.,대화 시간 만들기,가족이나 친구와 짧게라도 정기적으로 대화할 시간을 정해보세요. 한 번에 완벽하게 하려 하기보다 꾸준히 반복하는 것이 더 중요합니다.,사회활동,중
281,집중력이 예전보다 떨어졌어요,인지 자극 루틴,"독서, 퍼즐, 끝말잇기, 숫자 기억하기 같은 활동을 하루 10분씩 실천해보세요. 일주일 단위로 실천 여부를 점검하면 꾸준함을 유지하는 데 도움이 됩니다.",인지활동,상
282,"규칙적인 운동을 시작하고 싶어요 그리고 체력 저하를 느낌, 하루 대부분을 앉아서 보냄.",걷기 루틴 시작,하루 20분 산책부터 시작해 신체활동을 조금씩 늘려보세요. 가족이나 주변 사람과 함께 실천하면 지속하기가 더 쉬워집니다.,운동,상
283,"인지훈련 게임이 도움이 될까요? 그리고 새로운 자극이 줄어듦, 독서나 퍼즐 같은 활동을 거의 하지 않음.",인지 자극 루틴,"독서, 퍼즐, 끝말잇기, 숫자 기억하기 같은 활동을 하루 10분씩 실천해보세요. 무리하지 않는 범위에서 천천히 습관을 만들어가는 것이 중요합니다.",인지활동,상
284,"요즘 같은 말을 반복하게 돼요 그리고 물건 둔 곳을 자주 잊음, 가끔 같은 질문을 반복하게 됨.",기억력 관찰 일지,최근 기억력 변화를 간단한 메모나 일기로 기록해보세요. 일주일 단위로 실천 여부를 점검하면 꾸준함을 유지하는 데 도움이 됩니다.,인지관찰,상
285,"사회활동이 너무 적은 것 같아요 그리고 외출이 드문 편임, 사회적 교류가 부족함.",가벼운 외출 계획,"산책, 카페 방문, 근처 장보기처럼 부담이 적은 외출부터 시작해보세요. 가족이나 주변 사람과 함께 실천하면 지속하기가 더 쉬워집니다.",사회활동,중
286,혼자 사는데 외롭고 우울해요,스트레스 기록하기,하루 중 스트레스가 높아지는 상황을 적어보고 줄일 수 있는 방법을 찾아보세요. 가족이나 주변 사람과 함께 실천하면 지속하기가 더 쉬워집니다.,정서,중
287,혼자 사는데 외롭고 우울해요 혼자 있는 시간이 많음.,대화 시간 만들기,가족이나 친구와 짧게라도 정기적으로 대화할 시간을 정해보세요. 가족이나 주변 사람과 함께 실천하면 지속하기가 더 쉬워집니다.,사회활동,중
288,잠을 자도 개운하지 않아요,수면 습관 회복,잠드는 시간과 기상 시간을 일정하게 맞추는 것부터 시작해보세요. 무리하지 않는 범위에서 천천히 습관을 만들어가는 것이 중요합니다.,수면,상
289,자주 깨서 푹 못 자요 요즘 아침 피로가 큼 편이고 자주 깨서 수면의 질이 낮음도 함께 느껴집니다.,수면 습관 회복,잠드는 시간과 기상 시간을 일정하게 맞추는 것부터 시작해보세요. 일주일 단위로 실천 여부를 점검하면 꾸준함을 유지하는 데 도움이 됩니다.,수면,상
290,운동을 꾸준히 못 하고 있어요 운동 빈도가 매우 낮음.,작은 목표 설정,하루 목표를 크게 잡기보다 일주일 단위의 작은 실천 목표를 세워보세요. 가족이나 주변 사람과 함께 실천하면 지속하기가 더 쉬워집니다.,운동,중
291,마음이 답답하고 스트레스가 많아요,스트레스 기록하기,하루 중 스트레스가 높아지는 상황을 적어보고 줄일 수 있는 방법을 찾아보세요. 하루 목표를 너무 크게 잡지 말고 작은 실천부터 시작하세요.,정서,중
292,인지 자극 활동이 필요할 것 같아요 새로운 자극이 줄어듦.,두뇌 활동 시간 확보,매일 일정한 시간에 뇌를 쓰는 활동을 정해 습관처럼 이어가보세요. 가족이나 주변 사람과 함께 실천하면 지속하기가 더 쉬워집니다.,인지활동,중
293,물도 잘 안 마셔요 인스턴트 섭취가 잦음.,식사 시간 고정,하루 세 끼 식사 시간을 일정하게 맞추는 것부터 시작해보세요. 무리하지 않는 범위에서 천천히 습관을 만들어가는 것이 중요합니다.,식습관,상
294,"요즘 사소한 일에도 불안해요 그리고 기분이 자주 가라앉음, 혼자 있는 시간이 많음.",정서 회복 루틴,"짧은 산책, 호흡 운동, 감사일기처럼 부담이 적은 감정 관리 루틴을 실천해보세요. 일주일 단위로 실천 여부를 점검하면 꾸준함을 유지하는 데 도움이 됩니다.",정서,상
295,외출 빈도가 너무 적어요 사회적 교류가 부족함.,사회적 교류 늘리기,가족이나 친구와 주 2회 이상 짧게라도 대화할 시간을 만들어보세요. 일주일 단위로 실천 여부를 점검하면 꾸준함을 유지하는 데 도움이 됩니다.,사회활동,상
296,사람 만나는 게 귀찮아요 요즘 외출이 드문 편임 편이고 가족이나 친구와 대화 빈도가 적음도 함께 느껴집니다.,소규모 모임 참여,취미 모임이나 지역 커뮤니티처럼 작은 모임부터 참여를 시도해보세요. 무리하지 않는 범위에서 천천히 습관을 만들어가는 것이 중요합니다.,사회활동,중
297,"밖에 잘 안 나가요 그리고 사회적 교류가 부족함, 가족이나 친구와 대화 빈도가 적음.",가벼운 외출 계획,"산책, 카페 방문, 근처 장보기처럼 부담이 적은 외출부터 시작해보세요. 한 번에 완벽하게 하려 하기보다 꾸준히 반복하는 것이 더 중요합니다.",사회활동,중
298,"뇌를 좀 더 쓰는 활동이 필요할까요? 그리고 독서나 퍼즐 같은 활동을 거의 하지 않음, 집중력이 예전보다 떨어짐.",새로운 취미 시도,익숙하지 않은 새로운 취미를 배우며 뇌에 자극을 주세요. 무리하지 않는 범위에서 천천히 습관을 만들어가는 것이 중요합니다.,인지활동,중
299,끼니 시간이 너무 불규칙해요 인스턴트 섭취가 잦음.,간단한 건강 식단,"부담이 적은 샐러드, 계란, 두부, 생선, 견과류 같은 식품을 자주 활용해보세요. 가족이나 주변 사람과 함께 실천하면 지속하기가 더 쉬워집니다.",식습관,중
300,"하루 종일 기운이 없어요 그리고 스트레스 수준이 높은 편임, 혼자 있는 시간이 많음.",대화 시간 만들기,가족이나 친구와 짧게라도 정기적으로 대화할 시간을 정해보세요. 무리하지 않는 범위에서 천천히 습관을 만들어가는 것이 중요합니다.,사회활동,중
301,우울한 기분이 오래가요 요즘 스트레스 수준이 높은 편임 편이고 기분이 자주 가라앉음도 함께 느껴집니다.,스트레스 기록하기,하루 중 스트레스가 높아지는 상황을 적어보고 줄일 수 있는 방법을 찾아보세요. 한 번에 완벽하게 하려 하기보다 꾸준히 반복하는 것이 더 중요합니다.,정서,중
302,"자주 깜빡해요 그리고 가끔 같은 질문을 반복하게 됨, 물건 둔 곳을 자주 잊음.",전문 상담 고려,깜빡하는 일이 잦아지고 일상생활에 불편이 생기면 전문 상담을 받아보는 것이 좋습니다. 가족이나 주변 사람과 함께 실천하면 지속하기가 더 쉬워집니다.,상담,상
303,"사람들과 어울리는 게 줄었어요 그리고 사회적 교류가 부족함, 외출이 드문 편임.",사회적 교류 늘리기,가족이나 친구와 주 2회 이상 짧게라도 대화할 시간을 만들어보세요. 가족이나 주변 사람과 함께 실천하면 지속하기가 더 쉬워집니다.,사회활동,상
304,사회활동이 너무 적은 것 같아요,사회적 교류 늘리기,가족이나 친구와 주 2회 이상 짧게라도 대화할 시간을 만들어보세요. 무리하지 않는 범위에서 천천히 습관을 만들어가는 것이 중요합니다.,사회활동,상
305,운동을 시작하고 싶은데 의지가 안 나요 체력 저하를 느낌.,가벼운 스트레칭,아침과 저녁에 10분 정도 전신 스트레칭을 실천해보세요. 한 번에 완벽하게 하려 하기보다 꾸준히 반복하는 것이 더 중요합니다.,운동,중
306,요즘 같은 말을 반복하게 돼요 최근 일이 잘 기억나지 않아 걱정됨.,기억력 관찰 일지,최근 기억력 변화를 간단한 메모나 일기로 기록해보세요. 무리하지 않는 범위에서 천천히 습관을 만들어가는 것이 중요합니다.,인지관찰,상
307,"사람 만나는 게 귀찮아요 그리고 외출이 드문 편임, 사회적 교류가 부족함.",소규모 모임 참여,취미 모임이나 지역 커뮤니티처럼 작은 모임부터 참여를 시도해보세요. 일주일 단위로 실천 여부를 점검하면 꾸준함을 유지하는 데 도움이 됩니다.,사회활동,중
308,몸을 좀 움직여야 할 것 같아요 체력 저하를 느낌.,작은 목표 설정,하루 목표를 크게 잡기보다 일주일 단위의 작은 실천 목표를 세워보세요. 무리하지 않는 범위에서 천천히 습관을 만들어가는 것이 중요합니다.,운동,중
309,하루 종일 기운이 없어요 혼자 있는 시간이 많음.,대화 시간 만들기,가족이나 친구와 짧게라도 정기적으로 대화할 시간을 정해보세요. 하루 목표를 너무 크게 잡지 말고 작은 실천부터 시작하세요.,사회활동,중
310,"몸을 좀 움직여야 할 것 같아요 그리고 체력 저하를 느낌, 하루 대부분을 앉아서 보냄.",작은 목표 설정,하루 목표를 크게 잡기보다 일주일 단위의 작은 실천 목표를 세워보세요. 일주일 단위로 실천 여부를 점검하면 꾸준함을 유지하는 데 도움이 됩니다.,운동,중
311,식사를 자주 거릅니다,식사 시간 고정,하루 세 끼 식사 시간을 일정하게 맞추는 것부터 시작해보세요. 일주일 단위로 실천 여부를 점검하면 꾸준함을 유지하는 데 도움이 됩니다.,식습관,상
312,잠드는 데 시간이 너무 오래 걸려요 아침 피로가 큼.,낮 시간 활동 늘리기,낮에 가벼운 산책과 햇빛 노출을 늘리면 수면 리듬 회복에 도움이 될 수 있습니다. 무리하지 않는 범위에서 천천히 습관을 만들어가는 것이 중요합니다.,수면,중
313,"부모님이 자주 잊어버리셔서 걱정돼요 그리고 물건 둔 곳을 자주 잊음, 최근 일이 잘 기억나지 않아 걱정됨.",전문 상담 고려,깜빡하는 일이 잦아지고 일상생활에 불편이 생기면 전문 상담을 받아보는 것이 좋습니다. 일주일 단위로 실천 여부를 점검하면 꾸준함을 유지하는 데 도움이 됩니다.,상담,상
314,집에만 있어서 답답해요 요즘 외출이 드문 편임 편이고 가족이나 친구와 대화 빈도가 적음도 함께 느껴집니다.,소규모 모임 참여,취미 모임이나 지역 커뮤니티처럼 작은 모임부터 참여를 시도해보세요. 한 번에 완벽하게 하려 하기보다 꾸준히 반복하는 것이 더 중요합니다.,사회활동,중
315,"입맛이 없어서 식사를 자주 빼먹어요 그리고 인스턴트 섭취가 잦음, 식사 시간이 불규칙함.",균형 잡힌 식단,"채소, 단백질, 수분 섭취를 늘리고 가공식품 비중을 줄여보세요. 하루 목표를 너무 크게 잡지 말고 작은 실천부터 시작하세요.",식습관,상
316,밤낮이 자꾸 바뀌어요 요즘 자주 깨서 수면의 질이 낮음 편이고 평균 수면 시간이 짧음도 함께 느껴집니다.,수면 습관 회복,잠드는 시간과 기상 시간을 일정하게 맞추는 것부터 시작해보세요. 하루 목표를 너무 크게 잡지 말고 작은 실천부터 시작하세요.,수면,상
317,"최근에 깜빡하는 일이 늘었어요 그리고 물건 둔 곳을 자주 잊음, 최근 일이 잘 기억나지 않아 걱정됨.",기억력 관찰 일지,최근 기억력 변화를 간단한 메모나 일기로 기록해보세요. 가족이나 주변 사람과 함께 실천하면 지속하기가 더 쉬워집니다.,인지관찰,상
318,잠을 자도 개운하지 않아요 아침 피로가 큼.,수면 습관 회복,잠드는 시간과 기상 시간을 일정하게 맞추는 것부터 시작해보세요. 일주일 단위로 실천 여부를 점검하면 꾸준함을 유지하는 데 도움이 됩니다.,수면,상
319,약속을 자주 잊어버려서 걱정돼요,전문 상담 고려,깜빡하는 일이 잦아지고 일상생활에 불편이 생기면 전문 상담을 받아보는 것이 좋습니다. 일주일 단위로 실천 여부를 점검하면 꾸준함을 유지하는 데 도움이 됩니다.,상담,상
320,하루 종일 앉아만 있어요 운동 빈도가 매우 낮음.,걷기 루틴 시작,하루 20분 산책부터 시작해 신체활동을 조금씩 늘려보세요. 가족이나 주변 사람과 함께 실천하면 지속하기가 더 쉬워집니다.,운동,상
321,체력이 너무 떨어진 것 같아요 요즘 하루 대부분을 앉아서 보냄 편이고 운동 빈도가 매우 낮음도 함께 느껴집니다.,작은 목표 설정,하루 목표를 크게 잡기보다 일주일 단위의 작은 실천 목표를 세워보세요. 가족이나 주변 사람과 함께 실천하면 지속하기가 더 쉬워집니다.,운동,중
322,생각하는 활동을 더 해야 할 것 같아요 독서나 퍼즐 같은 활동을 거의 하지 않음.,새로운 취미 시도,익숙하지 않은 새로운 취미를 배우며 뇌에 자극을 주세요. 무리하지 않는 범위에서 천천히 습관을 만들어가는 것이 중요합니다.,인지활동,중
323,혼자 있는 시간이 너무 많아요,사회적 교류 늘리기,가족이나 친구와 주 2회 이상 짧게라도 대화할 시간을 만들어보세요. 한 번에 완벽하게 하려 하기보다 꾸준히 반복하는 것이 더 중요합니다.,사회활동,상
324,머리를 쓰는 활동을 거의 안 해요,새로운 취미 시도,익숙하지 않은 새로운 취미를 배우며 뇌에 자극을 주세요. 무리하지 않는 범위에서 천천히 습관을 만들어가는 것이 중요합니다.,인지활동,중
325,인지 자극 활동이 필요할 것 같아요,인지 자극 루틴,"독서, 퍼즐, 끝말잇기, 숫자 기억하기 같은 활동을 하루 10분씩 실천해보세요. 하루 목표를 너무 크게 잡지 말고 작은 실천부터 시작하세요.",인지활동,상
326,사람 만나는 게 귀찮아요,사회적 교류 늘리기,가족이나 친구와 주 2회 이상 짧게라도 대화할 시간을 만들어보세요. 무리하지 않는 범위에서 천천히 습관을 만들어가는 것이 중요합니다.,사회활동,상
327,끼니 시간이 너무 불규칙해요,균형 잡힌 식단,"채소, 단백질, 수분 섭취를 늘리고 가공식품 비중을 줄여보세요. 한 번에 완벽하게 하려 하기보다 꾸준히 반복하는 것이 더 중요합니다.",식습관,상
328,우울한 기분이 오래가요,정서 회복 루틴,"짧은 산책, 호흡 운동, 감사일기처럼 부담이 적은 감정 관리 루틴을 실천해보세요. 가족이나 주변 사람과 함께 실천하면 지속하기가 더 쉬워집니다.",정서,상
329,사회활동이 너무 적은 것 같아요,사회적 교류 늘리기,가족이나 친구와 주 2회 이상 짧게라도 대화할 시간을 만들어보세요. 한 번에 완벽하게 하려 하기보다 꾸준히 반복하는 것이 더 중요합니다.,사회활동,상
330,감정 기복이 심한 것 같아요,정서 회복 루틴,"짧은 산책, 호흡 운동, 감사일기처럼 부담이 적은 감정 관리 루틴을 실천해보세요. 한 번에 완벽하게 하려 하기보다 꾸준히 반복하는 것이 더 중요합니다.",정서,상
331,아침에 일어나도 피곤해요 요즘 자주 깨서 수면의 질이 낮음 편이고 평균 수면 시간이 짧음도 함께 느껴집니다.,저녁 루틴 정비,취침 전 스마트폰 사용과 카페인 섭취를 줄여 수면의 질을 높여보세요. 한 번에 완벽하게 하려 하기보다 꾸준히 반복하는 것이 더 중요합니다.,수면,상
332,약속을 자주 잊어버려서 걱정돼요 최근 일이 잘 기억나지 않아 걱정됨.,인지 자극 활동,"단어 연상, 숫자 기억하기, 독서, 퍼즐처럼 가벼운 인지 자극 활동을 시작해보세요. 무리하지 않는 범위에서 천천히 습관을 만들어가는 것이 중요합니다.",인지활동,상
333,치매 예방에 좋은 음식이 궁금해요,균형 잡힌 식단,"채소, 단백질, 수분 섭취를 늘리고 가공식품 비중을 줄여보세요. 무리하지 않는 범위에서 천천히 습관을 만들어가는 것이 중요합니다.",식습관,상
334,잠을 자도 개운하지 않아요,저녁 루틴 정비,취침 전 스마트폰 사용과 카페인 섭취를 줄여 수면의 질을 높여보세요. 무리하지 않는 범위에서 천천히 습관을 만들어가는 것이 중요합니다.,수면,상
335,"최근 일이 잘 기억나지 않아요 그리고 최근 일이 잘 기억나지 않아 걱정됨, 가끔 같은 질문을 반복하게 됨.",기억력 관찰 일지,최근 기억력 변화를 간단한 메모나 일기로 기록해보세요. 하루 목표를 너무 크게 잡지 말고 작은 실천부터 시작하세요.,인지관찰,상
336,최근에 깜빡하는 일이 늘었어요,전문 상담 고려,깜빡하는 일이 잦아지고 일상생활에 불편이 생기면 전문 상담을 받아보는 것이 좋습니다. 가족이나 주변 사람과 함께 실천하면 지속하기가 더 쉬워집니다.,상담,상
337,사람 만나는 게 귀찮아요,가벼운 외출 계획,"산책, 카페 방문, 근처 장보기처럼 부담이 적은 외출부터 시작해보세요. 한 번에 완벽하게 하려 하기보다 꾸준히 반복하는 것이 더 중요합니다.",사회활동,중
338,영양이 불균형한 것 같아요,간단한 건강 식단,"부담이 적은 샐러드, 계란, 두부, 생선, 견과류 같은 식품을 자주 활용해보세요. 일주일 단위로 실천 여부를 점검하면 꾸준함을 유지하는 데 도움이 됩니다.",식습관,중
339,"감정 기복이 심한 것 같아요 그리고 기분이 자주 가라앉음, 스트레스 수준이 높은 편임.",정서 회복 루틴,"짧은 산책, 호흡 운동, 감사일기처럼 부담이 적은 감정 관리 루틴을 실천해보세요. 가족이나 주변 사람과 함께 실천하면 지속하기가 더 쉬워집니다.",정서,상
340,잠을 자도 개운하지 않아요 요즘 자주 깨서 수면의 질이 낮음 편이고 아침 피로가 큼도 함께 느껴집니다.,낮 시간 활동 늘리기,낮에 가벼운 산책과 햇빛 노출을 늘리면 수면 리듬 회복에 도움이 될 수 있습니다. 가족이나 주변 사람과 함께 실천하면 지속하기가 더 쉬워집니다.,수면,중
341,마음이 답답하고 스트레스가 많아요,정서 회복 루틴,"짧은 산책, 호흡 운동, 감사일기처럼 부담이 적은 감정 관리 루틴을 실천해보세요. 가족이나 주변 사람과 함께 실천하면 지속하기가 더 쉬워집니다.",정서,상
342,식사를 자주 거릅니다,간단한 건강 식단,"부담이 적은 샐러드, 계란, 두부, 생선, 견과류 같은 식품을 자주 활용해보세요. 일주일 단위로 실천 여부를 점검하면 꾸준함을 유지하는 데 도움이 됩니다.",식습관,중
343,수면 패턴이 너무 불규칙해요 자주 깨서 수면의 질이 낮음.,수면 습관 회복,잠드는 시간과 기상 시간을 일정하게 맞추는 것부터 시작해보세요. 한 번에 완벽하게 하려 하기보다 꾸준히 반복하는 것이 더 중요합니다.,수면,상
344,"영양이 불균형한 것 같아요 그리고 수분 섭취가 부족함, 인스턴트 섭취가 잦음.",간단한 건강 식단,"부담이 적은 샐러드, 계란, 두부, 생선, 견과류 같은 식품을 자주 활용해보세요. 무리하지 않는 범위에서 천천히 습관을 만들어가는 것이 중요합니다.",식습관,중
345,"가볍게 할 수 있는 운동이 필요해요 그리고 운동 빈도가 매우 낮음, 체력 저하를 느낌.",작은 목표 설정,하루 목표를 크게 잡기보다 일주일 단위의 작은 실천 목표를 세워보세요. 가족이나 주변 사람과 함께 실천하면 지속하기가 더 쉬워집니다.,운동,중
346,최근 일이 잘 기억나지 않아요 최근 일이 잘 기억나지 않아 걱정됨.,기억력 관찰 일지,최근 기억력 변화를 간단한 메모나 일기로 기록해보세요. 한 번에 완벽하게 하려 하기보다 꾸준히 반복하는 것이 더 중요합니다.,인지관찰,상
347,생각하는 활동을 더 해야 할 것 같아요,두뇌 활동 시간 확보,매일 일정한 시간에 뇌를 쓰는 활동을 정해 습관처럼 이어가보세요. 가족이나 주변 사람과 함께 실천하면 지속하기가 더 쉬워집니다.,인지활동,중
348,치매 예방에 좋은 음식이 궁금해요,식사 시간 고정,하루 세 끼 식사 시간을 일정하게 맞추는 것부터 시작해보세요. 하루 목표를 너무 크게 잡지 말고 작은 실천부터 시작하세요.,식습관,상
349,대화할 사람이 거의 없어요 외출이 드문 편임.,사회적 교류 늘리기,가족이나 친구와 주 2회 이상 짧게라도 대화할 시간을 만들어보세요. 가족이나 주변 사람과 함께 실천하면 지속하기가 더 쉬워집니다.,사회활동,상
350,수면 패턴이 너무 불규칙해요 요즘 평균 수면 시간이 짧음 편이고 아침 피로가 큼도 함께 느껴집니다.,낮 시간 활동 늘리기,낮에 가벼운 산책과 햇빛 노출을 늘리면 수면 리듬 회복에 도움이 될 수 있습니다. 한 번에 완벽하게 하려 하기보다 꾸준히 반복하는 것이 더 중요합니다.,수면,중
351,"요즘 무기력하고 의욕이 없어요 그리고 기분이 자주 가라앉음, 혼자 있는 시간이 많음.",대화 시간 만들기,가족이나 친구와 짧게라도 정기적으로 대화할 시간을 정해보세요. 일주일 단위로 실천 여부를 점검하면 꾸준함을 유지하는 데 도움이 됩니다.,사회활동,중
352,인지 자극 활동이 필요할 것 같아요,새로운 취미 시도,익숙하지 않은 새로운 취미를 배우며 뇌에 자극을 주세요. 무리하지 않는 범위에서 천천히 습관을 만들어가는 것이 중요합니다.,인지활동,중
353,사회활동이 너무 적은 것 같아요 요즘 가족이나 친구와 대화 빈도가 적음 편이고 외출이 드문 편임도 함께 느껴집니다.,가벼운 외출 계획,"산책, 카페 방문, 근처 장보기처럼 부담이 적은 외출부터 시작해보세요. 일주일 단위로 실천 여부를 점검하면 꾸준함을 유지하는 데 도움이 됩니다.",사회활동,중
354,인지 자극 활동이 필요할 것 같아요 새로운 자극이 줄어듦.,인지 자극 루틴,"독서, 퍼즐, 끝말잇기, 숫자 기억하기 같은 활동을 하루 10분씩 실천해보세요. 한 번에 완벽하게 하려 하기보다 꾸준히 반복하는 것이 더 중요합니다.",인지활동,상
355,"가족이나 친구와 연락이 뜸해요 그리고 외출이 드문 편임, 가족이나 친구와 대화 빈도가 적음.",사회적 교류 늘리기,가족이나 친구와 주 2회 이상 짧게라도 대화할 시간을 만들어보세요. 한 번에 완벽하게 하려 하기보다 꾸준히 반복하는 것이 더 중요합니다.,사회활동,상
356,집에만 있어서 답답해요 외출이 드문 편임.,소규모 모임 참여,취미 모임이나 지역 커뮤니티처럼 작은 모임부터 참여를 시도해보세요. 한 번에 완벽하게 하려 하기보다 꾸준히 반복하는 것이 더 중요합니다.,사회활동,중
357,요즘 잠이 얕아진 것 같아요 평균 수면 시간이 짧음.,수면 습관 회복,잠드는 시간과 기상 시간을 일정하게 맞추는 것부터 시작해보세요. 가족이나 주변 사람과 함께 실천하면 지속하기가 더 쉬워집니다.,수면,상
358,"최근에 깜빡하는 일이 늘었어요 그리고 가끔 같은 질문을 반복하게 됨, 최근 일이 잘 기억나지 않아 걱정됨.",기억력 관찰 일지,최근 기억력 변화를 간단한 메모나 일기로 기록해보세요. 한 번에 완벽하게 하려 하기보다 꾸준히 반복하는 것이 더 중요합니다.,인지관찰,상
359,규칙적인 운동을 시작하고 싶어요,작은 목표 설정,하루 목표를 크게 잡기보다 일주일 단위의 작은 실천 목표를 세워보세요. 가족이나 주변 사람과 함께 실천하면 지속하기가 더 쉬워집니다.,운동,중
360,몸을 좀 움직여야 할 것 같아요 체력 저하를 느낌.,걷기 루틴 시작,하루 20분 산책부터 시작해 신체활동을 조금씩 늘려보세요. 한 번에 완벽하게 하려 하기보다 꾸준히 반복하는 것이 더 중요합니다.,운동,상
361,가볍게 할 수 있는 운동이 필요해요,가벼운 스트레칭,아침과 저녁에 10분 정도 전신 스트레칭을 실천해보세요. 가족이나 주변 사람과 함께 실천하면 지속하기가 더 쉬워집니다.,운동,중
362,치매 예방에 좋은 음식이 궁금해요 요즘 식사 시간이 불규칙함 편이고 수분 섭취가 부족함도 함께 느껴집니다.,간단한 건강 식단,"부담이 적은 샐러드, 계란, 두부, 생선, 견과류 같은 식품을 자주 활용해보세요. 무리하지 않는 범위에서 천천히 습관을 만들어가는 것이 중요합니다.",식습관,중
363,"물도 잘 안 마셔요 그리고 수분 섭취가 부족함, 인스턴트 섭취가 잦음.",균형 잡힌 식단,"채소, 단백질, 수분 섭취를 늘리고 가공식품 비중을 줄여보세요. 가족이나 주변 사람과 함께 실천하면 지속하기가 더 쉬워집니다.",식습관,상
364,"가끔 대화 내용을 놓쳐요 그리고 최근 일이 잘 기억나지 않아 걱정됨, 물건 둔 곳을 자주 잊음.",전문 상담 고려,깜빡하는 일이 잦아지고 일상생활에 불편이 생기면 전문 상담을 받아보는 것이 좋습니다. 하루 목표를 너무 크게 잡지 말고 작은 실천부터 시작하세요.,상담,상
365,약속을 자주 잊어버려서 걱정돼요 요즘 물건 둔 곳을 자주 잊음 편이고 가끔 같은 질문을 반복하게 됨도 함께 느껴집니다.,인지 자극 활동,"단어 연상, 숫자 기억하기, 독서, 퍼즐처럼 가벼운 인지 자극 활동을 시작해보세요. 무리하지 않는 범위에서 천천히 습관을 만들어가는 것이 중요합니다.",인지활동,상
366,운동을 꾸준히 못 하고 있어요 요즘 체력 저하를 느낌 편이고 하루 대부분을 앉아서 보냄도 함께 느껴집니다.,작은 목표 설정,하루 목표를 크게 잡기보다 일주일 단위의 작은 실천 목표를 세워보세요. 가족이나 주변 사람과 함께 실천하면 지속하기가 더 쉬워집니다.,운동,중
367,감정 기복이 심한 것 같아요,정서 회복 루틴,"짧은 산책, 호흡 운동, 감사일기처럼 부담이 적은 감정 관리 루틴을 실천해보세요. 무리하지 않는 범위에서 천천히 습관을 만들어가는 것이 중요합니다.",정서,상
368,요즘 밥을 제대로 못 챙겨 먹어요 수분 섭취가 부족함.,균형 잡힌 식단,"채소, 단백질, 수분 섭취를 늘리고 가공식품 비중을 줄여보세요. 무리하지 않는 범위에서 천천히 습관을 만들어가는 것이 중요합니다.",식습관,상
369,과식을 자주 해요 식사 시간이 불규칙함.,간단한 건강 식단,"부담이 적은 샐러드, 계란, 두부, 생선, 견과류 같은 식품을 자주 활용해보세요. 하루 목표를 너무 크게 잡지 말고 작은 실천부터 시작하세요.",식습관,중
370,운동을 시작하고 싶은데 의지가 안 나요 하루 대부분을 앉아서 보냄.,가벼운 스트레칭,아침과 저녁에 10분 정도 전신 스트레칭을 실천해보세요. 무리하지 않는 범위에서 천천히 습관을 만들어가는 것이 중요합니다.,운동,중
371,최근에 깜빡하는 일이 늘었어요 가끔 같은 질문을 반복하게 됨.,인지 자극 활동,"단어 연상, 숫자 기억하기, 독서, 퍼즐처럼 가벼운 인지 자극 활동을 시작해보세요. 한 번에 완벽하게 하려 하기보다 꾸준히 반복하는 것이 더 중요합니다.",인지활동,상
372,영양이 불균형한 것 같아요,식사 시간 고정,하루 세 끼 식사 시간을 일정하게 맞추는 것부터 시작해보세요. 한 번에 완벽하게 하려 하기보다 꾸준히 반복하는 것이 더 중요합니다.,식습관,상
373,대화할 사람이 거의 없어요 요즘 가족이나 친구와 대화 빈도가 적음 편이고 사회적 교류가 부족함도 함께 느껴집니다.,소규모 모임 참여,취미 모임이나 지역 커뮤니티처럼 작은 모임부터 참여를 시도해보세요. 가족이나 주변 사람과 함께 실천하면 지속하기가 더 쉬워집니다.,사회활동,중
374,"집에만 있어서 답답해요 그리고 외출이 드문 편임, 가족이나 친구와 대화 빈도가 적음.",소규모 모임 참여,취미 모임이나 지역 커뮤니티처럼 작은 모임부터 참여를 시도해보세요. 무리하지 않는 범위에서 천천히 습관을 만들어가는 것이 중요합니다.,사회활동,중
375,"수면 시간이 너무 짧아요 그리고 자주 깨서 수면의 질이 낮음, 아침 피로가 큼.",저녁 루틴 정비,취침 전 스마트폰 사용과 카페인 섭취를 줄여 수면의 질을 높여보세요. 가족이나 주변 사람과 함께 실천하면 지속하기가 더 쉬워집니다.,수면,상
376,잠을 자도 개운하지 않아요 아침 피로가 큼.,낮 시간 활동 늘리기,낮에 가벼운 산책과 햇빛 노출을 늘리면 수면 리듬 회복에 도움이 될 수 있습니다. 가족이나 주변 사람과 함께 실천하면 지속하기가 더 쉬워집니다.,수면,중
377,과식을 자주 해요 요즘 수분 섭취가 부족함 편이고 인스턴트 섭취가 잦음도 함께 느껴집니다.,식사 시간 고정,하루 세 끼 식사 시간을 일정하게 맞추는 것부터 시작해보세요. 가족이나 주변 사람과 함께 실천하면 지속하기가 더 쉬워집니다.,식습관,상
378,"마음이 답답하고 스트레스가 많아요 그리고 기분이 자주 가라앉음, 혼자 있는 시간이 많음.",정서 회복 루틴,"짧은 산책, 호흡 운동, 감사일기처럼 부담이 적은 감정 관리 루틴을 실천해보세요. 하루 목표를 너무 크게 잡지 말고 작은 실천부터 시작하세요.",정서,상
379,"밤낮이 자꾸 바뀌어요 그리고 자주 깨서 수면의 질이 낮음, 아침 피로가 큼.",낮 시간 활동 늘리기,낮에 가벼운 산책과 햇빛 노출을 늘리면 수면 리듬 회복에 도움이 될 수 있습니다. 무리하지 않는 범위에서 천천히 습관을 만들어가는 것이 중요합니다.,수면,중
380,활동량이 너무 적어요 운동 빈도가 매우 낮음.,걷기 루틴 시작,하루 20분 산책부터 시작해 신체활동을 조금씩 늘려보세요. 가족이나 주변 사람과 함께 실천하면 지속하기가 더 쉬워집니다.,운동,상
381,머리를 쓰는 활동을 거의 안 해요 요즘 독서나 퍼즐 같은 활동을 거의 하지 않음 편이고 새로운 자극이 줄어듦도 함께 느껴집니다.,두뇌 활동 시간 확보,매일 일정한 시간에 뇌를 쓰는 활동을 정해 습관처럼 이어가보세요. 무리하지 않는 범위에서 천천히 습관을 만들어가는 것이 중요합니다.,인지활동,중
382,"기억력 훈련을 해보고 싶어요 그리고 집중력이 예전보다 떨어짐, 독서나 퍼즐 같은 활동을 거의 하지 않음.",인지 자극 루틴,"독서, 퍼즐, 끝말잇기, 숫자 기억하기 같은 활동을 하루 10분씩 실천해보세요. 하루 목표를 너무 크게 잡지 말고 작은 실천부터 시작하세요.",인지활동,상
383,방금 하려던 일을 자꾸 잊어버려요 최근 일이 잘 기억나지 않아 걱정됨.,인지 자극 활동,"단어 연상, 숫자 기억하기, 독서, 퍼즐처럼 가벼운 인지 자극 활동을 시작해보세요. 가족이나 주변 사람과 함께 실천하면 지속하기가 더 쉬워집니다.",인지활동,상
384,요즘 사소한 일에도 불안해요 요즘 혼자 있는 시간이 많음 편이고 스트레스 수준이 높은 편임도 함께 느껴집니다.,스트레스 기록하기,하루 중 스트레스가 높아지는 상황을 적어보고 줄일 수 있는 방법을 찾아보세요. 가족이나 주변 사람과 함께 실천하면 지속하기가 더 쉬워집니다.,정서,중
385,식사를 자주 거릅니다,식사 시간 고정,하루 세 끼 식사 시간을 일정하게 맞추는 것부터 시작해보세요. 무리하지 않는 범위에서 천천히 습관을 만들어가는 것이 중요합니다.,식습관,상
386,사람들과 어울리는 게 줄었어요,사회적 교류 늘리기,가족이나 친구와 주 2회 이상 짧게라도 대화할 시간을 만들어보세요. 무리하지 않는 범위에서 천천히 습관을 만들어가는 것이 중요합니다.,사회활동,상
387,끼니 시간이 너무 불규칙해요,식사 시간 고정,하루 세 끼 식사 시간을 일정하게 맞추는 것부터 시작해보세요. 가족이나 주변 사람과 함께 실천하면 지속하기가 더 쉬워집니다.,식습관,상
388,사람들과 어울리는 게 줄었어요,가벼운 외출 계획,"산책, 카페 방문, 근처 장보기처럼 부담이 적은 외출부터 시작해보세요. 하루 목표를 너무 크게 잡지 말고 작은 실천부터 시작하세요.",사회활동,중
389,새벽에 자꾸 깨요 요즘 평균 수면 시간이 짧음 편이고 아침 피로가 큼도 함께 느껴집니다.,수면 습관 회복,잠드는 시간과 기상 시간을 일정하게 맞추는 것부터 시작해보세요. 하루 목표를 너무 크게 잡지 말고 작은 실천부터 시작하세요.,수면,상
390,인지훈련 게임이 도움이 될까요?,두뇌 활동 시간 확보,매일 일정한 시간에 뇌를 쓰는 활동을 정해 습관처럼 이어가보세요. 하루 목표를 너무 크게 잡지 말고 작은 실천부터 시작하세요.,인지활동,중
391,"활동량이 너무 적어요 그리고 하루 대부분을 앉아서 보냄, 운동 빈도가 매우 낮음.",작은 목표 설정,하루 목표를 크게 잡기보다 일주일 단위의 작은 실천 목표를 세워보세요. 한 번에 완벽하게 하려 하기보다 꾸준히 반복하는 것이 더 중요합니다.,운동,중
392,자주 깜빡해요 요즘 가끔 같은 질문을 반복하게 됨 편이고 최근 일이 잘 기억나지 않아 걱정됨도 함께 느껴집니다.,인지 자극 활동,"단어 연상, 숫자 기억하기, 독서, 퍼즐처럼 가벼운 인지 자극 활동을 시작해보세요. 무리하지 않는 범위에서 천천히 습관을 만들어가는 것이 중요합니다.",인지활동,상
393,기억력 훈련을 해보고 싶어요 독서나 퍼즐 같은 활동을 거의 하지 않음.,두뇌 활동 시간 확보,매일 일정한 시간에 뇌를 쓰는 활동을 정해 습관처럼 이어가보세요. 하루 목표를 너무 크게 잡지 말고 작은 실천부터 시작하세요.,인지활동,중
394,최근에 깜빡하는 일이 늘었어요 최근 일이 잘 기억나지 않아 걱정됨.,전문 상담 고려,깜빡하는 일이 잦아지고 일상생활에 불편이 생기면 전문 상담을 받아보는 것이 좋습니다. 무리하지 않는 범위에서 천천히 습관을 만들어가는 것이 중요합니다.,상담,상
395,"요즘 같은 말을 반복하게 돼요 그리고 최근 일이 잘 기억나지 않아 걱정됨, 가끔 같은 질문을 반복하게 됨.",기억력 관찰 일지,최근 기억력 변화를 간단한 메모나 일기로 기록해보세요. 한 번에 완벽하게 하려 하기보다 꾸준히 반복하는 것이 더 중요합니다.,인지관찰,상
396,끼니 시간이 너무 불규칙해요 요즘 식사 시간이 불규칙함 편이고 인스턴트 섭취가 잦음도 함께 느껴집니다.,간단한 건강 식단,"부담이 적은 샐러드, 계란, 두부, 생선, 견과류 같은 식품을 자주 활용해보세요. 하루 목표를 너무 크게 잡지 말고 작은 실천부터 시작하세요.",식습관,중
397,"인스턴트 음식을 자주 먹어요 그리고 인스턴트 섭취가 잦음, 식사 시간이 불규칙함.",식사 시간 고정,하루 세 끼 식사 시간을 일정하게 맞추는 것부터 시작해보세요. 무리하지 않는 범위에서 천천히 습관을 만들어가는 것이 중요합니다.,식습관,상
398,머리가 둔해진 느낌이에요 요즘 새로운 자극이 줄어듦 편이고 집중력이 예전보다 떨어짐도 함께 느껴집니다.,새로운 취미 시도,익숙하지 않은 새로운 취미를 배우며 뇌에 자극을 주세요. 무리하지 않는 범위에서 천천히 습관을 만들어가는 것이 중요합니다.,인지활동,중
399,"요즘 잠이 얕아진 것 같아요 그리고 자주 깨서 수면의 질이 낮음, 평균 수면 시간이 짧음.",수면 습관 회복,잠드는 시간과 기상 시간을 일정하게 맞추는 것부터 시작해보세요. 한 번에 완벽하게 하려 하기보다 꾸준히 반복하는 것이 더 중요합니다.,수면,상
400,독서나 퍼즐을 잘 안 하게 돼요 요즘 집중력이 예전보다 떨어짐 편이고 독서나 퍼즐 같은 활동을 거의 하지 않음도 함께 느껴집니다.,인지 자극 루틴,"독서, 퍼즐, 끝말잇기, 숫자 기억하기 같은 활동을 하루 10분씩 실천해보세요. 하루 목표를 너무 크게 잡지 말고 작은 실천부터 시작하세요.",인지활동,상
401,수면 시간이 너무 짧아요 평균 수면 시간이 짧음.,낮 시간 활동 늘리기,낮에 가벼운 산책과 햇빛 노출을 늘리면 수면 리듬 회복에 도움이 될 수 있습니다. 한 번에 완벽하게 하려 하기보다 꾸준히 반복하는 것이 더 중요합니다.,수면,중
402,가족이나 친구와 연락이 뜸해요,소규모 모임 참여,취미 모임이나 지역 커뮤니티처럼 작은 모임부터 참여를 시도해보세요. 가족이나 주변 사람과 함께 실천하면 지속하기가 더 쉬워집니다.,사회활동,중
403,사람들과 어울리는 게 줄었어요 요즘 가족이나 친구와 대화 빈도가 적음 편이고 외출이 드문 편임도 함께 느껴집니다.,가벼운 외출 계획,"산책, 카페 방문, 근처 장보기처럼 부담이 적은 외출부터 시작해보세요. 일주일 단위로 실천 여부를 점검하면 꾸준함을 유지하는 데 도움이 됩니다.",사회활동,중
404,체력이 너무 떨어진 것 같아요,가벼운 스트레칭,아침과 저녁에 10분 정도 전신 스트레칭을 실천해보세요. 가족이나 주변 사람과 함께 실천하면 지속하기가 더 쉬워집니다.,운동,중
405,부모님이 자주 잊어버리셔서 걱정돼요 가끔 같은 질문을 반복하게 됨.,기억력 관찰 일지,최근 기억력 변화를 간단한 메모나 일기로 기록해보세요. 가족이나 주변 사람과 함께 실천하면 지속하기가 더 쉬워집니다.,인지관찰,상
406,아침에 일어나도 피곤해요,낮 시간 활동 늘리기,낮에 가벼운 산책과 햇빛 노출을 늘리면 수면 리듬 회복에 도움이 될 수 있습니다. 한 번에 완벽하게 하려 하기보다 꾸준히 반복하는 것이 더 중요합니다.,수면,중
407,몸을 좀 움직여야 할 것 같아요,작은 목표 설정,하루 목표를 크게 잡기보다 일주일 단위의 작은 실천 목표를 세워보세요. 가족이나 주변 사람과 함께 실천하면 지속하기가 더 쉬워집니다.,운동,중
408,"대화할 사람이 거의 없어요 그리고 사회적 교류가 부족함, 외출이 드문 편임.",사회적 교류 늘리기,가족이나 친구와 주 2회 이상 짧게라도 대화할 시간을 만들어보세요. 무리하지 않는 범위에서 천천히 습관을 만들어가는 것이 중요합니다.,사회활동,상
409,규칙적인 운동을 시작하고 싶어요 요즘 하루 대부분을 앉아서 보냄 편이고 운동 빈도가 매우 낮음도 함께 느껴집니다.,작은 목표 설정,하루 목표를 크게 잡기보다 일주일 단위의 작은 실천 목표를 세워보세요. 하루 목표를 너무 크게 잡지 말고 작은 실천부터 시작하세요.,운동,중
410,감정 기복이 심한 것 같아요,스트레스 기록하기,하루 중 스트레스가 높아지는 상황을 적어보고 줄일 수 있는 방법을 찾아보세요. 일주일 단위로 실천 여부를 점검하면 꾸준함을 유지하는 데 도움이 됩니다.,정서,중
411,"요즘 잠이 얕아진 것 같아요 그리고 아침 피로가 큼, 자주 깨서 수면의 질이 낮음.",수면 습관 회복,잠드는 시간과 기상 시간을 일정하게 맞추는 것부터 시작해보세요. 가족이나 주변 사람과 함께 실천하면 지속하기가 더 쉬워집니다.,수면,상
412,사람 만나는 게 귀찮아요 요즘 가족이나 친구와 대화 빈도가 적음 편이고 사회적 교류가 부족함도 함께 느껴집니다.,가벼운 외출 계획,"산책, 카페 방문, 근처 장보기처럼 부담이 적은 외출부터 시작해보세요. 일주일 단위로 실천 여부를 점검하면 꾸준함을 유지하는 데 도움이 됩니다.",사회활동,중
413,입맛이 없어서 식사를 자주 빼먹어요 요즘 수분 섭취가 부족함 편이고 인스턴트 섭취가 잦음도 함께 느껴집니다.,균형 잡힌 식단,"채소, 단백질, 수분 섭취를 늘리고 가공식품 비중을 줄여보세요. 일주일 단위로 실천 여부를 점검하면 꾸준함을 유지하는 데 도움이 됩니다.",식습관,상
414,대화할 사람이 거의 없어요,가벼운 외출 계획,"산책, 카페 방문, 근처 장보기처럼 부담이 적은 외출부터 시작해보세요. 한 번에 완벽하게 하려 하기보다 꾸준히 반복하는 것이 더 중요합니다.",사회활동,중
415,"운동을 꾸준히 못 하고 있어요 그리고 운동 빈도가 매우 낮음, 하루 대부분을 앉아서 보냄.",걷기 루틴 시작,하루 20분 산책부터 시작해 신체활동을 조금씩 늘려보세요. 가족이나 주변 사람과 함께 실천하면 지속하기가 더 쉬워집니다.,운동,상
416,"독서나 퍼즐을 잘 안 하게 돼요 그리고 독서나 퍼즐 같은 활동을 거의 하지 않음, 집중력이 예전보다 떨어짐.",새로운 취미 시도,익숙하지 않은 새로운 취미를 배우며 뇌에 자극을 주세요. 한 번에 완벽하게 하려 하기보다 꾸준히 반복하는 것이 더 중요합니다.,인지활동,중
417,영양이 불균형한 것 같아요,식사 시간 고정,하루 세 끼 식사 시간을 일정하게 맞추는 것부터 시작해보세요. 한 번에 완벽하게 하려 하기보다 꾸준히 반복하는 것이 더 중요합니다.,식습관,상
418,"요즘 사소한 일에도 불안해요 그리고 스트레스 수준이 높은 편임, 기분이 자주 가라앉음.",스트레스 기록하기,하루 중 스트레스가 높아지는 상황을 적어보고 줄일 수 있는 방법을 찾아보세요. 한 번에 완벽하게 하려 하기보다 꾸준히 반복하는 것이 더 중요합니다.,정서,중
419,체력이 너무 떨어진 것 같아요,가벼운 스트레칭,아침과 저녁에 10분 정도 전신 스트레칭을 실천해보세요. 일주일 단위로 실천 여부를 점검하면 꾸준함을 유지하는 데 도움이 됩니다.,운동,중
420,수면 패턴이 너무 불규칙해요 자주 깨서 수면의 질이 낮음.,수면 습관 회복,잠드는 시간과 기상 시간을 일정하게 맞추는 것부터 시작해보세요. 한 번에 완벽하게 하려 하기보다 꾸준히 반복하는 것이 더 중요합니다.,수면,상
421,가족이나 친구와 연락이 뜸해요 요즘 외출이 드문 편임 편이고 가족이나 친구와 대화 빈도가 적음도 함께 느껴집니다.,소규모 모임 참여,취미 모임이나 지역 커뮤니티처럼 작은 모임부터 참여를 시도해보세요. 가족이나 주변 사람과 함께 실천하면 지속하기가 더 쉬워집니다.,사회활동,중
422,요즘 잠이 얕아진 것 같아요 자주 깨서 수면의 질이 낮음.,수면 습관 회복,잠드는 시간과 기상 시간을 일정하게 맞추는 것부터 시작해보세요. 일주일 단위로 실천 여부를 점검하면 꾸준함을 유지하는 데 도움이 됩니다.,수면,상
423,과식을 자주 해요 인스턴트 섭취가 잦음.,균형 잡힌 식단,"채소, 단백질, 수분 섭취를 늘리고 가공식품 비중을 줄여보세요. 하루 목표를 너무 크게 잡지 말고 작은 실천부터 시작하세요.",식습관,상
424,방금 하려던 일을 자꾸 잊어버려요,인지 자극 활동,"단어 연상, 숫자 기억하기, 독서, 퍼즐처럼 가벼운 인지 자극 활동을 시작해보세요. 한 번에 완벽하게 하려 하기보다 꾸준히 반복하는 것이 더 중요합니다.",인지활동,상
425,"건강하게 식사하는 습관을 만들고 싶어요 그리고 인스턴트 섭취가 잦음, 수분 섭취가 부족함.",간단한 건강 식단,"부담이 적은 샐러드, 계란, 두부, 생선, 견과류 같은 식품을 자주 활용해보세요. 하루 목표를 너무 크게 잡지 말고 작은 실천부터 시작하세요.",식습관,중
426,뇌를 좀 더 쓰는 활동이 필요할까요? 독서나 퍼즐 같은 활동을 거의 하지 않음.,두뇌 활동 시간 확보,매일 일정한 시간에 뇌를 쓰는 활동을 정해 습관처럼 이어가보세요. 한 번에 완벽하게 하려 하기보다 꾸준히 반복하는 것이 더 중요합니다.,인지활동,중
427,가족이나 친구와 연락이 뜸해요 요즘 사회적 교류가 부족함 편이고 가족이나 친구와 대화 빈도가 적음도 함께 느껴집니다.,사회적 교류 늘리기,가족이나 친구와 주 2회 이상 짧게라도 대화할 시간을 만들어보세요. 일주일 단위로 실천 여부를 점검하면 꾸준함을 유지하는 데 도움이 됩니다.,사회활동,상
428,"영양이 불균형한 것 같아요 그리고 수분 섭취가 부족함, 인스턴트 섭취가 잦음.",간단한 건강 식단,"부담이 적은 샐러드, 계란, 두부, 생선, 견과류 같은 식품을 자주 활용해보세요. 한 번에 완벽하게 하려 하기보다 꾸준히 반복하는 것이 더 중요합니다.",식습관,중
429,인스턴트 음식을 자주 먹어요,간단한 건강 식단,"부담이 적은 샐러드, 계란, 두부, 생선, 견과류 같은 식품을 자주 활용해보세요. 일주일 단위로 실천 여부를 점검하면 꾸준함을 유지하는 데 도움이 됩니다.",식습관,중
430,머리가 둔해진 느낌이에요,인지 자극 루틴,"독서, 퍼즐, 끝말잇기, 숫자 기억하기 같은 활동을 하루 10분씩 실천해보세요. 일주일 단위로 실천 여부를 점검하면 꾸준함을 유지하는 데 도움이 됩니다.",인지활동,상
431,입맛이 없어서 식사를 자주 빼먹어요 식사 시간이 불규칙함.,균형 잡힌 식단,"채소, 단백질, 수분 섭취를 늘리고 가공식품 비중을 줄여보세요. 가족이나 주변 사람과 함께 실천하면 지속하기가 더 쉬워집니다.",식습관,상
432,아침에 일어나도 피곤해요,낮 시간 활동 늘리기,낮에 가벼운 산책과 햇빛 노출을 늘리면 수면 리듬 회복에 도움이 될 수 있습니다. 한 번에 완벽하게 하려 하기보다 꾸준히 반복하는 것이 더 중요합니다.,수면,중
433,외출 빈도가 너무 적어요 요즘 사회적 교류가 부족함 편이고 외출이 드문 편임도 함께 느껴집니다.,소규모 모임 참여,취미 모임이나 지역 커뮤니티처럼 작은 모임부터 참여를 시도해보세요. 일주일 단위로 실천 여부를 점검하면 꾸준함을 유지하는 데 도움이 됩니다.,사회활동,중
434,머리가 둔해진 느낌이에요,새로운 취미 시도,익숙하지 않은 새로운 취미를 배우며 뇌에 자극을 주세요. 일주일 단위로 실천 여부를 점검하면 꾸준함을 유지하는 데 도움이 됩니다.,인지활동,중
435,운동을 시작하고 싶은데 의지가 안 나요 요즘 운동 빈도가 매우 낮음 편이고 하루 대부분을 앉아서 보냄도 함께 느껴집니다.,걷기 루틴 시작,하루 20분 산책부터 시작해 신체활동을 조금씩 늘려보세요. 무리하지 않는 범위에서 천천히 습관을 만들어가는 것이 중요합니다.,운동,상
436,스트레스를 어떻게 줄여야 할지 모르겠어요,정서 회복 루틴,"짧은 산책, 호흡 운동, 감사일기처럼 부담이 적은 감정 관리 루틴을 실천해보세요. 일주일 단위로 실천 여부를 점검하면 꾸준함을 유지하는 데 도움이 됩니다.",정서,상
437,대화할 사람이 거의 없어요 사회적 교류가 부족함.,가벼운 외출 계획,"산책, 카페 방문, 근처 장보기처럼 부담이 적은 외출부터 시작해보세요. 가족이나 주변 사람과 함께 실천하면 지속하기가 더 쉬워집니다.",사회활동,중
438,스트레스를 어떻게 줄여야 할지 모르겠어요,스트레스 기록하기,하루 중 스트레스가 높아지는 상황을 적어보고 줄일 수 있는 방법을 찾아보세요. 무리하지 않는 범위에서 천천히 습관을 만들어가는 것이 중요합니다.,정서,중
439,수면 시간이 너무 짧아요,낮 시간 활동 늘리기,낮에 가벼운 산책과 햇빛 노출을 늘리면 수면 리듬 회복에 도움이 될 수 있습니다. 가족이나 주변 사람과 함께 실천하면 지속하기가 더 쉬워집니다.,수면,중
440,인지훈련 게임이 도움이 될까요?,두뇌 활동 시간 확보,매일 일정한 시간에 뇌를 쓰는 활동을 정해 습관처럼 이어가보세요. 한 번에 완벽하게 하려 하기보다 꾸준히 반복하는 것이 더 중요합니다.,인지활동,중
441,운동을 꾸준히 못 하고 있어요,작은 목표 설정,하루 목표를 크게 잡기보다 일주일 단위의 작은 실천 목표를 세워보세요. 일주일 단위로 실천 여부를 점검하면 꾸준함을 유지하는 데 도움이 됩니다.,운동,중
442,"인지훈련 게임이 도움이 될까요? 그리고 새로운 자극이 줄어듦, 독서나 퍼즐 같은 활동을 거의 하지 않음.",인지 자극 루틴,"독서, 퍼즐, 끝말잇기, 숫자 기억하기 같은 활동을 하루 10분씩 실천해보세요. 한 번에 완벽하게 하려 하기보다 꾸준히 반복하는 것이 더 중요합니다.",인지활동,상
443,식사를 자주 거릅니다 요즘 식사 시간이 불규칙함 편이고 인스턴트 섭취가 잦음도 함께 느껴집니다.,간단한 건강 식단,"부담이 적은 샐러드, 계란, 두부, 생선, 견과류 같은 식품을 자주 활용해보세요. 한 번에 완벽하게 하려 하기보다 꾸준히 반복하는 것이 더 중요합니다.",식습관,중
444,기억력 훈련을 해보고 싶어요 집중력이 예전보다 떨어짐.,새로운 취미 시도,익숙하지 않은 새로운 취미를 배우며 뇌에 자극을 주세요. 무리하지 않는 범위에서 천천히 습관을 만들어가는 것이 중요합니다.,인지활동,중
445,영양이 불균형한 것 같아요 요즘 인스턴트 섭취가 잦음 편이고 수분 섭취가 부족함도 함께 느껴집니다.,식사 시간 고정,하루 세 끼 식사 시간을 일정하게 맞추는 것부터 시작해보세요. 무리하지 않는 범위에서 천천히 습관을 만들어가는 것이 중요합니다.,식습관,상
446,"수면 패턴이 너무 불규칙해요 그리고 평균 수면 시간이 짧음, 자주 깨서 수면의 질이 낮음.",저녁 루틴 정비,취침 전 스마트폰 사용과 카페인 섭취를 줄여 수면의 질을 높여보세요. 한 번에 완벽하게 하려 하기보다 꾸준히 반복하는 것이 더 중요합니다.,수면,상
447,입맛이 없어서 식사를 자주 빼먹어요 식사 시간이 불규칙함.,균형 잡힌 식단,"채소, 단백질, 수분 섭취를 늘리고 가공식품 비중을 줄여보세요. 한 번에 완벽하게 하려 하기보다 꾸준히 반복하는 것이 더 중요합니다.",식습관,상
448,물도 잘 안 마셔요,간단한 건강 식단,"부담이 적은 샐러드, 계란, 두부, 생선, 견과류 같은 식품을 자주 활용해보세요. 일주일 단위로 실천 여부를 점검하면 꾸준함을 유지하는 데 도움이 됩니다.",식습관,중
449,마음이 답답하고 스트레스가 많아요 기분이 자주 가라앉음.,스트레스 기록하기,하루 중 스트레스가 높아지는 상황을 적어보고 줄일 수 있는 방법을 찾아보세요. 가족이나 주변 사람과 함께 실천하면 지속하기가 더 쉬워집니다.,정서,중
450,최근 일이 잘 기억나지 않아요 물건 둔 곳을 자주 잊음.,전문 상담 고려,깜빡하는 일이 잦아지고 일상생활에 불편이 생기면 전문 상담을 받아보는 것이 좋습니다. 무리하지 않는 범위에서 천천히 습관을 만들어가는 것이 중요합니다.,상담,상
451,가볍게 할 수 있는 운동이 필요해요 운동 빈도가 매우 낮음.,작은 목표 설정,하루 목표를 크게 잡기보다 일주일 단위의 작은 실천 목표를 세워보세요. 한 번에 완벽하게 하려 하기보다 꾸준히 반복하는 것이 더 중요합니다.,운동,중
452,잠을 자도 개운하지 않아요 요즘 아침 피로가 큼 편이고 평균 수면 시간이 짧음도 함께 느껴집니다.,낮 시간 활동 늘리기,낮에 가벼운 산책과 햇빛 노출을 늘리면 수면 리듬 회복에 도움이 될 수 있습니다. 하루 목표를 너무 크게 잡지 말고 작은 실천부터 시작하세요.,수면,중
453,운동 습관을 만들고 싶어요 체력 저하를 느낌.,작은 목표 설정,하루 목표를 크게 잡기보다 일주일 단위의 작은 실천 목표를 세워보세요. 한 번에 완벽하게 하려 하기보다 꾸준히 반복하는 것이 더 중요합니다.,운동,중
454,"요즘 잠이 얕아진 것 같아요 그리고 평균 수면 시간이 짧음, 자주 깨서 수면의 질이 낮음.",저녁 루틴 정비,취침 전 스마트폰 사용과 카페인 섭취를 줄여 수면의 질을 높여보세요. 무리하지 않는 범위에서 천천히 습관을 만들어가는 것이 중요합니다.,수면,상
455,"요즘 같은 말을 반복하게 돼요 그리고 가끔 같은 질문을 반복하게 됨, 물건 둔 곳을 자주 잊음.",기억력 관찰 일지,최근 기억력 변화를 간단한 메모나 일기로 기록해보세요. 가족이나 주변 사람과 함께 실천하면 지속하기가 더 쉬워집니다.,인지관찰,상
456,"새로운 걸 배우는 일이 줄었어요 그리고 집중력이 예전보다 떨어짐, 독서나 퍼즐 같은 활동을 거의 하지 않음.",인지 자극 루틴,"독서, 퍼즐, 끝말잇기, 숫자 기억하기 같은 활동을 하루 10분씩 실천해보세요. 무리하지 않는 범위에서 천천히 습관을 만들어가는 것이 중요합니다.",인지활동,상
457,산책부터 시작해도 될까요?,걷기 루틴 시작,하루 20분 산책부터 시작해 신체활동을 조금씩 늘려보세요. 하루 목표를 너무 크게 잡지 말고 작은 실천부터 시작하세요.,운동,상
458,"끼니 시간이 너무 불규칙해요 그리고 수분 섭취가 부족함, 인스턴트 섭취가 잦음.",식사 시간 고정,하루 세 끼 식사 시간을 일정하게 맞추는 것부터 시작해보세요. 한 번에 완벽하게 하려 하기보다 꾸준히 반복하는 것이 더 중요합니다.,식습관,상
459,기분이 자주 가라앉아요 요즘 기분이 자주 가라앉음 편이고 혼자 있는 시간이 많음도 함께 느껴집니다.,정서 회복 루틴,"짧은 산책, 호흡 운동, 감사일기처럼 부담이 적은 감정 관리 루틴을 실천해보세요. 한 번에 완벽하게 하려 하기보다 꾸준히 반복하는 것이 더 중요합니다.",정서,상
460,수면 시간이 너무 짧아요 평균 수면 시간이 짧음.,낮 시간 활동 늘리기,낮에 가벼운 산책과 햇빛 노출을 늘리면 수면 리듬 회복에 도움이 될 수 있습니다. 한 번에 완벽하게 하려 하기보다 꾸준히 반복하는 것이 더 중요합니다.,수면,중
461,"인스턴트 음식을 자주 먹어요 그리고 수분 섭취가 부족함, 인스턴트 섭취가 잦음.",간단한 건강 식단,"부담이 적은 샐러드, 계란, 두부, 생선, 견과류 같은 식품을 자주 활용해보세요. 일주일 단위로 실천 여부를 점검하면 꾸준함을 유지하는 데 도움이 됩니다.",식습관,중
462,"규칙적인 운동을 시작하고 싶어요 그리고 체력 저하를 느낌, 운동 빈도가 매우 낮음.",작은 목표 설정,하루 목표를 크게 잡기보다 일주일 단위의 작은 실천 목표를 세워보세요. 무리하지 않는 범위에서 천천히 습관을 만들어가는 것이 중요합니다.,운동,중
463,독서나 퍼즐을 잘 안 하게 돼요 독서나 퍼즐 같은 활동을 거의 하지 않음.,새로운 취미 시도,익숙하지 않은 새로운 취미를 배우며 뇌에 자극을 주세요. 한 번에 완벽하게 하려 하기보다 꾸준히 반복하는 것이 더 중요합니다.,인지활동,중
464,물도 잘 안 마셔요 인스턴트 섭취가 잦음.,균형 잡힌 식단,"채소, 단백질, 수분 섭취를 늘리고 가공식품 비중을 줄여보세요. 하루 목표를 너무 크게 잡지 말고 작은 실천부터 시작하세요.",식습관,상
465,영양이 불균형한 것 같아요,균형 잡힌 식단,"채소, 단백질, 수분 섭취를 늘리고 가공식품 비중을 줄여보세요. 가족이나 주변 사람과 함께 실천하면 지속하기가 더 쉬워집니다.",식습관,상
466,과식을 자주 해요,간단한 건강 식단,"부담이 적은 샐러드, 계란, 두부, 생선, 견과류 같은 식품을 자주 활용해보세요. 가족이나 주변 사람과 함께 실천하면 지속하기가 더 쉬워집니다.",식습관,중
467,최근에 깜빡하는 일이 늘었어요 요즘 최근 일이 잘 기억나지 않아 걱정됨 편이고 물건 둔 곳을 자주 잊음도 함께 느껴집니다.,기억력 관찰 일지,최근 기억력 변화를 간단한 메모나 일기로 기록해보세요. 무리하지 않는 범위에서 천천히 습관을 만들어가는 것이 중요합니다.,인지관찰,상
468,자주 깨서 푹 못 자요,낮 시간 활동 늘리기,낮에 가벼운 산책과 햇빛 노출을 늘리면 수면 리듬 회복에 도움이 될 수 있습니다. 가족이나 주변 사람과 함께 실천하면 지속하기가 더 쉬워집니다.,수면,중
469,"우울한 기분이 오래가요 그리고 기분이 자주 가라앉음, 스트레스 수준이 높은 편임.",정서 회복 루틴,"짧은 산책, 호흡 운동, 감사일기처럼 부담이 적은 감정 관리 루틴을 실천해보세요. 무리하지 않는 범위에서 천천히 습관을 만들어가는 것이 중요합니다.",정서,상
470,새로운 걸 배우는 일이 줄었어요 독서나 퍼즐 같은 활동을 거의 하지 않음.,두뇌 활동 시간 확보,매일 일정한 시간에 뇌를 쓰는 활동을 정해 습관처럼 이어가보세요. 일주일 단위로 실천 여부를 점검하면 꾸준함을 유지하는 데 도움이 됩니다.,인지활동,중
471,새로운 걸 배우는 일이 줄었어요 요즘 집중력이 예전보다 떨어짐 편이고 새로운 자극이 줄어듦도 함께 느껴집니다.,인지 자극 루틴,"독서, 퍼즐, 끝말잇기, 숫자 기억하기 같은 활동을 하루 10분씩 실천해보세요. 한 번에 완벽하게 하려 하기보다 꾸준히 반복하는 것이 더 중요합니다.",인지활동,상
472,집에만 있어서 답답해요,사회적 교류 늘리기,가족이나 친구와 주 2회 이상 짧게라도 대화할 시간을 만들어보세요. 하루 목표를 너무 크게 잡지 말고 작은 실천부터 시작하세요.,사회활동,상
473,생각하는 활동을 더 해야 할 것 같아요,새로운 취미 시도,익숙하지 않은 새로운 취미를 배우며 뇌에 자극을 주세요. 하루 목표를 너무 크게 잡지 말고 작은 실천부터 시작하세요.,인지활동,중
474,혼자 있는 시간이 너무 많아요,사회적 교류 늘리기,가족이나 친구와 주 2회 이상 짧게라도 대화할 시간을 만들어보세요. 가족이나 주변 사람과 함께 실천하면 지속하기가 더 쉬워집니다.,사회활동,상
475,아침에 일어나도 피곤해요 요즘 자주 깨서 수면의 질이 낮음 편이고 평균 수면 시간이 짧음도 함께 느껴집니다.,수면 습관 회복,잠드는 시간과 기상 시간을 일정하게 맞추는 것부터 시작해보세요. 가족이나 주변 사람과 함께 실천하면 지속하기가 더 쉬워집니다.,수면,상
476,기억력이 예전보다 떨어진 것 같아요 요즘 최근 일이 잘 기억나지 않아 걱정됨 편이고 가끔 같은 질문을 반복하게 됨도 함께 느껴집니다.,전문 상담 고려,깜빡하는 일이 잦아지고 일상생활에 불편이 생기면 전문 상담을 받아보는 것이 좋습니다. 무리하지 않는 범위에서 천천히 습관을 만들어가는 것이 중요합니다.,상담,상
477,스트레스를 어떻게 줄여야 할지 모르겠어요 기분이 자주 가라앉음.,대화 시간 만들기,가족이나 친구와 짧게라도 정기적으로 대화할 시간을 정해보세요. 무리하지 않는 범위에서 천천히 습관을 만들어가는 것이 중요합니다.,사회활동,중
478,사람 만나는 게 귀찮아요 요즘 사회적 교류가 부족함 편이고 외출이 드문 편임도 함께 느껴집니다.,사회적 교류 늘리기,가족이나 친구와 주 2회 이상 짧게라도 대화할 시간을 만들어보세요. 일주일 단위로 실천 여부를 점검하면 꾸준함을 유지하는 데 도움이 됩니다.,사회활동,상
479,산책부터 시작해도 될까요? 운동 빈도가 매우 낮음.,가벼운 스트레칭,아침과 저녁에 10분 정도 전신 스트레칭을 실천해보세요. 일주일 단위로 실천 여부를 점검하면 꾸준함을 유지하는 데 도움이 됩니다.,운동,중
480,기억력이 예전보다 떨어진 것 같아요 가끔 같은 질문을 반복하게 됨.,전문 상담 고려,깜빡하는 일이 잦아지고 일상생활에 불편이 생기면 전문 상담을 받아보는 것이 좋습니다. 하루 목표를 너무 크게 잡지 말고 작은 실천부터 시작하세요.,상담,상
481,인스턴트 음식을 자주 먹어요 식사 시간이 불규칙함.,균형 잡힌 식단,"채소, 단백질, 수분 섭취를 늘리고 가공식품 비중을 줄여보세요. 무리하지 않는 범위에서 천천히 습관을 만들어가는 것이 중요합니다.",식습관,상
482,"영양이 불균형한 것 같아요 그리고 수분 섭취가 부족함, 인스턴트 섭취가 잦음.",균형 잡힌 식단,"채소, 단백질, 수분 섭취를 늘리고 가공식품 비중을 줄여보세요. 무리하지 않는 범위에서 천천히 습관을 만들어가는 것이 중요합니다.",식습관,상
483,산책부터 시작해도 될까요? 요즘 운동 빈도가 매우 낮음 편이고 하루 대부분을 앉아서 보냄도 함께 느껴집니다.,작은 목표 설정,하루 목표를 크게 잡기보다 일주일 단위의 작은 실천 목표를 세워보세요. 가족이나 주변 사람과 함께 실천하면 지속하기가 더 쉬워집니다.,운동,중
484,끼니 시간이 너무 불규칙해요 인스턴트 섭취가 잦음.,간단한 건강 식단,"부담이 적은 샐러드, 계란, 두부, 생선, 견과류 같은 식품을 자주 활용해보세요. 하루 목표를 너무 크게 잡지 말고 작은 실천부터 시작하세요.",식습관,중
485,운동을 시작하고 싶은데 의지가 안 나요 요즘 운동 빈도가 매우 낮음 편이고 하루 대부분을 앉아서 보냄도 함께 느껴집니다.,가벼운 스트레칭,아침과 저녁에 10분 정도 전신 스트레칭을 실천해보세요. 한 번에 완벽하게 하려 하기보다 꾸준히 반복하는 것이 더 중요합니다.,운동,중
486,요즘 잠이 얕아진 것 같아요 요즘 아침 피로가 큼 편이고 자주 깨서 수면의 질이 낮음도 함께 느껴집니다.,저녁 루틴 정비,취침 전 스마트폰 사용과 카페인 섭취를 줄여 수면의 질을 높여보세요. 가족이나 주변 사람과 함께 실천하면 지속하기가 더 쉬워집니다.,수면,상
487,요즘 밥을 제대로 못 챙겨 먹어요,식사 시간 고정,하루 세 끼 식사 시간을 일정하게 맞추는 것부터 시작해보세요. 하루 목표를 너무 크게 잡지 말고 작은 실천부터 시작하세요.,식습관,상
488,기억력이 예전보다 떨어진 것 같아요 가끔 같은 질문을 반복하게 됨.,기억력 관찰 일지,최근 기억력 변화를 간단한 메모나 일기로 기록해보세요. 하루 목표를 너무 크게 잡지 말고 작은 실천부터 시작하세요.,인지관찰,상
489,요즘 무기력하고 의욕이 없어요,대화 시간 만들기,가족이나 친구와 짧게라도 정기적으로 대화할 시간을 정해보세요. 일주일 단위로 실천 여부를 점검하면 꾸준함을 유지하는 데 도움이 됩니다.,사회활동,중
490,인스턴트 음식을 자주 먹어요,식사 시간 고정,하루 세 끼 식사 시간을 일정하게 맞추는 것부터 시작해보세요. 무리하지 않는 범위에서 천천히 습관을 만들어가는 것이 중요합니다.,식습관,상
491,"뇌를 좀 더 쓰는 활동이 필요할까요? 그리고 집중력이 예전보다 떨어짐, 독서나 퍼즐 같은 활동을 거의 하지 않음.",두뇌 활동 시간 확보,매일 일정한 시간에 뇌를 쓰는 활동을 정해 습관처럼 이어가보세요. 무리하지 않는 범위에서 천천히 습관을 만들어가는 것이 중요합니다.,인지활동,중
492,외출 빈도가 너무 적어요 가족이나 친구와 대화 빈도가 적음.,사회적 교류 늘리기,가족이나 친구와 주 2회 이상 짧게라도 대화할 시간을 만들어보세요. 하루 목표를 너무 크게 잡지 말고 작은 실천부터 시작하세요.,사회활동,상
493,잠드는 데 시간이 너무 오래 걸려요,낮 시간 활동 늘리기,낮에 가벼운 산책과 햇빛 노출을 늘리면 수면 리듬 회복에 도움이 될 수 있습니다. 일주일 단위로 실천 여부를 점검하면 꾸준함을 유지하는 데 도움이 됩니다.,수면,중
494,혼자 있는 시간이 많아 외로워요 기분이 자주 가라앉음.,스트레스 기록하기,하루 중 스트레스가 높아지는 상황을 적어보고 줄일 수 있는 방법을 찾아보세요. 한 번에 완벽하게 하려 하기보다 꾸준히 반복하는 것이 더 중요합니다.,정서,중
495,요즘 잠이 얕아진 것 같아요,수면 습관 회복,잠드는 시간과 기상 시간을 일정하게 맞추는 것부터 시작해보세요. 하루 목표를 너무 크게 잡지 말고 작은 실천부터 시작하세요.,수면,상
496,아침에 일어나도 피곤해요,저녁 루틴 정비,취침 전 스마트폰 사용과 카페인 섭취를 줄여 수면의 질을 높여보세요. 가족이나 주변 사람과 함께 실천하면 지속하기가 더 쉬워집니다.,수면,상
497,"우울한 기분이 오래가요 그리고 기분이 자주 가라앉음, 스트레스 수준이 높은 편임.",대화 시간 만들기,가족이나 친구와 짧게라도 정기적으로 대화할 시간을 정해보세요. 일주일 단위로 실천 여부를 점검하면 꾸준함을 유지하는 데 도움이 됩니다.,사회활동,중
498,잠을 잘 못 자요 요즘 평균 수면 시간이 짧음 편이고 자주 깨서 수면의 질이 낮음도 함께 느껴집니다.,수면 습관 회복,잠드는 시간과 기상 시간을 일정하게 맞추는 것부터 시작해보세요. 하루 목표를 너무 크게 잡지 말고 작은 실천부터 시작하세요.,수면,상
499,밤낮이 자꾸 바뀌어요,저녁 루틴 정비,취침 전 스마트폰 사용과 카페인 섭취를 줄여 수면의 질을 높여보세요. 한 번에 완벽하게 하려 하기보다 꾸준히 반복하는 것이 더 중요합니다.,수면,상
500,사람들과 어울리는 게 줄었어요 가족이나 친구와 대화 빈도가 적음.,소규모 모임 참여,취미 모임이나 지역 커뮤니티처럼 작은 모임부터 참여를 시도해보세요. 무리하지 않는 범위에서 천천히 습관을 만들어가는 것이 중요합니다.,사회활동,중
